Block Name,Point ID,alphat_average,alphat_maximum,alphat_minimum,Cp,k_average,k_maximum,k_minimum,Normals_average_0,Normals_average_1,Normals_average_2,Normals_average_Magnitude,Normals_maximum_0,Normals_maximum_1,Normals_maximum_2,Normals_maximum_Magnitude,Normals_minimum_0,Normals_minimum_1,Normals_minimum_2,Normals_minimum_Magnitude,nut_average,nut_maximum,nut_minimum,omega_average,omega_maximum,omega_minimum,p_average,p_maximum,p_minimum,Points_0,Points_1,Points_2,Points_Magnitude,rho_average,rho_maximum,rho_minimum,T_average,T_maximum,T_minimum,U_average_0,U_average_1,U_average_2,U_average_Magnitude,U_maximum_0,U_maximum_1,U_maximum_2,U_maximum_Magnitude,U_minimum_0,U_minimum_1,U_minimum_2,U_minimum_Magnitude
Airfoil,0,2.9872e-07,3.01151e-07,2.60659e-07,0.182752,2.94133e-05,2.96964e-05,2.81671e-05,0.153235,-0.98819,0,1,0.153235,-0.98819,0,1,0.153235,-0.98819,0,1,2.53846e-07,2.55884e-07,2.21836e-07,22.6775,22.8134,22.3806,1.00098,1.0011,0.999574,0.0465246,0.034836,0,0.0581213,1.00027,1.00039,0.998859,1.00071,1.00071,1.00068,0,0,0,0,0,0,0,0,0,0,0,0
Airfoil,1,2.9872e-07,3.01151e-07,2.60659e-07,0.182752,2.94133e-05,2.96964e-05,2.81671e-05,0.153235,-0.98819,0,1,0.153235,-0.98819,0,1,0.153235,-0.98819,0,1,2.53846e-07,2.55884e-07,2.21836e-07,22.6775,22.8134,22.3806,1.00098,1.0011,0.999574,0.0465246,0.034836,1,1.00169,1.00027,1.00039,0.998859,1.00071,1.00071,1.00068,0,0,0,0,0,0,0,0,0,0,0,0
Airfoil,2,3.70663e-07,4.16223e-07,3.66783e-07,0.180237,9.52877e-06,1.31514e-05,8.78102e-06,0.219707,-0.975566,0,1,0.219707,-0.975566,0,1,0.219707,-0.975566,0,1,3.14914e-07,3.54184e-07,3.11575e-07,14.8484,16.2101,14.5413,1.00097,1.00112,0.999101,0.0250899,0.0312981,1,1.0008,1.00045,1.00058,0.998825,1.00052,1.00054,1.00028,0,0,0,0,0,0,0,0,0,0,0,0
Airfoil,3,3.70663e-07,4.16223e-07,3.66783e-07,0.180237,9.52877e-06,1.31514e-05,8.78102e-06,0.219707,-0.975566,0,1,0.219707,-0.975566,0,1,0.219707,-0.975566,0,1,3.14914e-07,3.54184e-07,3.11575e-07,14.8484,16.2101,14.5413,1.00097,1.00112,0.999101,0.0250899,0.0312981,0,0.0401133,1.00045,1.00058,0.998825,1.00052,1.00054,1.00028,0,0,0,0,0,0,0,0,0,0,0,0
Airfoil,4,2.53265e-07,2.60035e-07,1.58279e-07,0.21317,4.59926e-05,4.70613e-05,3.3818e-05,0.132825,-0.99114,0,1,0.132825,-0.991139,0,1,0.132825,-0.991139,0,1,2.15184e-07,2.2092e-07,1.34635e-07,28.0431,28.3104,24.9051,1.00114,1.00124,1.00007,0.0680241,0.0379557,0,0.0778968,1.0004,1.0005,0.999281,1.00074,1.00078,1.00072,0,0,0,0,0,0,0,0,0,0,0,0
Airfoil,5,2.53265e-07,2.60035e-07,1.58279e-07,0.21317,4.59926e-05,4.70613e-05,3.3818e-05,0.132825,-0.99114,0,1,0.132825,-0.991139,0,1,0.132825,-0.991139,0,1,2.15184e-07,2.2092e-07,1.34635e-07,28.0431,28.3104,24.9051,1.00114,1.00124,1.00007,0.0680241,0.0379557,1,1.00303,1.0004,1.0005,0.999281,1.00074,1.00078,1.00072,0,0,0,0,0,0,0,0,0,0,0,0
Airfoil,6,2.34316e-07,2.41564e-07,1.39348e-07,0.186134,5.32761e-05,5.50005e-05,3.27419e-05,0.110731,-0.993851,0,1,0.110731,-0.99385,0,1,0.110731,-0.99385,0,1,1.99106e-07,2.05252e-07,1.18521e-07,30.687,31.1126,25.4108,1.001,1.00108,1.00005,0.0895864,0.0406069,0,0.0983597,1.00029,1.00038,0.999359,1.0007,1.00071,1.00068,0,0,0,0,0,0,0,0,0,0,0,0
Airfoil,7,2.34316e-07,2.41564e-07,1.39348e-07,0.186134,5.32761e-05,5.50005e-05,3.27419e-05,0.110731,-0.993851,0,1,0.110731,-0.99385,0,1,0.110731,-0.99385,0,1,1.99106e-07,2.05252e-07,1.18521e-07,30.687,31.1126,25.4108,1.001,1.00108,1.00005,0.0895864,0.0406069,1,1.00483,1.00029,1.00038,0.999359,1.0007,1.00071,1.00068,0,0,0,0,0,0,0,0,0,0,0,0
Airfoil,8,2.30319e-07,2.36022e-07,1.62715e-07,0.155516,5.64801e-05,5.82147e-05,3.87732e-05,0.0913823,-0.995816,0,1,0.0913823,-0.995816,0,1,0.0913823,-0.995816,0,1,1.95734e-07,2.0057e-07,1.38387e-07,32.226,32.6485,27.7591,1.00083,1.00091,1.00002,0.111204,0.0427667,0,0.119144,1.00018,1.00025,0.999422,1.00066,1.00067,1.0006,0,0,0,0,0,0,0,0,0,0,0,0
Airfoil,9,2.30319e-07,2.36022e-07,1.62715e-07,0.155516,5.64801e-05,5.82147e-05,3.87732e-05,0.0913823,-0.995816,0,1,0.0913823,-0.995816,0,1,0.0913823,-0.995816,0,1,1.95734e-07,2.0057e-07,1.38387e-07,32.226,32.6485,27.7591,1.00083,1.00091,1.00002,0.111204,0.0427667,1,1.00707,1.00018,1.00025,0.999422,1.00066,1.00067,1.0006,0,0,0,0,0,0,0,0,0,0,0,0
Airfoil,10,2.29333e-07,2.33126e-07,1.90321e-07,0.136469,5.86553e-05,5.99362e-05,4.90794e-05,0.0737702,-0.997275,0,1,0.0737702,-0.997275,0,1,0.0737702,-0.997275,0,1,1.94909e-07,1.98124e-07,1.61847e-07,33.4281,33.7344,31.11,1.00073,1.0008,1.00005,0.132853,0.0445773,0,0.140132,1.00012,1.00018,0.999536,1.00061,1.00063,1.00052,0,0,0,0,0,0,0,0,0,0,0,0
Airfoil,11,2.29333e-07,2.33126e-07,1.90321e-07,0.136469,5.86553e-05,5.99362e-05,4.90794e-05,0.0737702,-0.997275,0,1,0.0737702,-0.997275,0,1,0.0737702,-0.997275,0,1,1.94909e-07,1.98124e-07,1.61847e-07,33.4281,33.7344,31.11,1.00073,1.0008,1.00005,0.132853,0.0445773,1,1.00977,1.00012,1.00018,0.999536,1.00061,1.00063,1.00052,0,0,0,0,0,0,0,0,0,0,0,0
Airfoil,12,2.24375e-07,2.26475e-07,2.07669e-07,0.127546,5.98349e-05,6.05332e-05,5.39234e-05,0.0564073,-0.998407,0,1,0.0564073,-0.998408,0,1,0.0564073,-0.998408,0,1,1.90699e-07,1.92478e-07,1.7658e-07,34.3152,34.4809,32.8968,1.00068,1.00075,1.00011,0.154533,0.0459718,0,0.161226,1.0001,1.00015,0.999652,1.00058,1.0006,1.00046,0,0,0,0,0,0,0,0,0,0,0,0
Airfoil,13,2.24375e-07,2.26475e-07,2.07669e-07,0.127546,5.98349e-05,6.05332e-05,5.39234e-05,0.0564073,-0.998407,0,1,0.0564073,-0.998408,0,1,0.0564073,-0.998408,0,1,1.90699e-07,1.92478e-07,1.7658e-07,34.3152,34.4809,32.8968,1.00068,1.00075,1.00011,0.154533,0.0459718,1,1.01291,1.0001,1.00015,0.999652,1.00058,1.0006,1.00046,0,0,0,0,0,0,0,0,0,0,0,0
Airfoil,14,2.18915e-07,2.19644e-07,2.14145e-07,0.128836,6.00283e-05,6.6195e-05,5.77505e-05,0.0445927,-0.999005,0,1,0.0445927,-0.999005,0,1,0.0445927,-0.999005,0,1,1.86055e-07,1.86668e-07,1.82051e-07,34.7413,36.1761,34.1992,1.00069,1.00075,1.00019,0.176232,0.0470281,0,0.182399,1.00012,1.00017,0.999767,1.00057,1.00058,1.00042,0,0,0,0,0,0,0,0,0,0,0,0
Airfoil,15,2.18915e-07,2.19644e-07,2.14145e-07,0.128836,6.00283e-05,6.6195e-05,5.77505e-05,0.0445927,-0.999005,0,1,0.0445927,-0.999005,0,1,0.0445927,-0.999005,0,1,1.86055e-07,1.86668e-07,1.82051e-07,34.7413,36.1761,34.1992,1.00069,1.00075,1.00019,0.176232,0.0470281,1,1.0165,1.00012,1.00017,0.999767,1.00057,1.00058,1.00042,0,0,0,0,0,0,0,0,0,0,0,0
Airfoil,16,2.17211e-07,2.26655e-07,2.1622e-07,0.134666,6.02066e-05,7.12062e-05,5.94651e-05,0.0389314,-0.999242,0,1,0.0389314,-0.999242,0,1,0.0389314,-0.999242,0,1,1.84597e-07,1.92681e-07,1.83753e-07,34.9424,37.467,34.7698,1.00072,1.00077,1.00027,0.19794,0.0479093,0,0.203655,1.00017,1.00021,0.999876,1.00055,1.00056,1.0004,0,0,0,0,0,0,0,0,0,0,0,0
Airfoil,17,2.17211e-07,2.26655e-07,2.1622e-07,0.134666,6.02066e-05,7.12062e-05,5.94651e-05,0.0389314,-0.999242,0,1,0.0389314,-0.999242,0,1,0.0389314,-0.999242,0,1,1.84597e-07,1.92681e-07,1.83753e-07,34.9424,37.467,34.7698,1.00072,1.00077,1.00027,0.19794,0.0479093,1,1.02053,1.00017,1.00021,0.999876,1.00055,1.00056,1.0004,0,0,0,0,0,0,0,0,0,0,0,0
Airfoil,18,2.19626e-07,2.34377e-07,2.1856e-07,0.138093,6.1208e-05,7.4714e-05,6.03586e-05,0.0364185,-0.999336,0,1,0.0364185,-0.999337,0,1,0.0364185,-0.999337,0,1,1.86642e-07,1.99229e-07,1.85731e-07,35.2276,38.2886,35.0319,1.00074,1.00079,1.00033,0.21965,0.0487197,0,0.224988,1.00021,1.00025,0.999955,1.00052,1.00054,1.00038,0,0,0,0,0,0,0,0,0,0,0,0
Airfoil,19,2.19626e-07,2.34377e-07,2.1856e-07,0.138093,6.1208e-05,7.4714e-05,6.03586e-05,0.0364185,-0.999336,0,1,0.0364185,-0.999337,0,1,0.0364185,-0.999337,0,1,1.86642e-07,1.99229e-07,1.85731e-07,35.2276,38.2886,35.0319,1.00074,1.00079,1.00033,0.21965,0.0487197,1,1.025,1.00021,1.00025,0.999955,1.00052,1.00054,1.00038,0,0,0,0,0,0,0,0,0,0,0,0
Airfoil,20,2.24813e-07,2.41662e-07,2.23511e-07,0.137537,6.31565e-05,7.71703e-05,6.21755e-05,0.0354555,-0.999371,0,1,0.0354555,-0.999371,0,1,0.0354555,-0.999371,0,1,1.91047e-07,2.05413e-07,1.89935e-07,35.6836,38.8179,35.4605,1.00074,1.00079,1.00036,0.241361,0.0494917,0,0.246383,1.00023,1.00027,0.999999,1.0005,1.00052,1.00036,0,0,0,0,0,0,0,0,0,0,0,0
Airfoil,21,2.24813e-07,2.41662e-07,2.23511e-07,0.137537,6.31565e-05,7.71703e-05,6.21755e-05,0.0354555,-0.999371,0,1,0.0354555,-0.999371,0,1,0.0354555,-0.999371,0,1,1.91047e-07,2.05413e-07,1.89935e-07,35.6836,38.8179,35.4605,1.00074,1.00079,1.00036,0.241361,0.0494917,1,1.02991,1.00023,1.00027,0.999999,1.0005,1.00052,1.00036,0,0,0,0,0,0,0,0,0,0,0,0
Airfoil,22,2.31393e-07,2.48411e-07,2.30028e-07,0.133487,6.57228e-05,7.89972e-05,6.47152e-05,0.0348691,-0.999392,0,1,0.034869,-0.999392,0,1,0.034869,-0.999392,0,1,1.96639e-07,2.11147e-07,1.95474e-07,36.262,39.1911,36.0362,1.00072,1.00077,1.00037,0.263073,0.0502602,0,0.267831,1.00023,1.00027,1.00001,1.00048,1.0005,1.00035,0,0,0,0,0,0,0,0,0,0,0,0
Airfoil,23,2.31393e-07,2.48411e-07,2.30028e-07,0.133487,6.57228e-05,7.89972e-05,6.47152e-05,0.0348691,-0.999392,0,1,0.034869,-0.999392,0,1,0.034869,-0.999392,0,1,1.96639e-07,2.11147e-07,1.95474e-07,36.262,39.1911,36.0362,1.00072,1.00077,1.00037,0.263073,0.0502602,1,1.03525,1.00023,1.00027,1.00001,1.00048,1.0005,1.00035,0,0,0,0,0,0,0,0,0,0,0,0
Airfoil,24,2.37606e-07,2.53922e-07,2.36245e-07,0.1265,6.83753e-05,8.03523e-05,6.74038e-05,0.0325911,-0.999469,0,1,0.0325911,-0.999469,0,1,0.0325911,-0.999469,0,1,2.01923e-07,2.15832e-07,2.00762e-07,36.8772,39.4891,36.6624,1.00068,1.00073,1.00035,0.284786,0.0510068,0,0.289317,1.00021,1.00025,1.00001,1.00047,1.00048,1.00035,0,0,0,0,0,0,0,0,0,0,0,0
Airfoil,25,2.37606e-07,2.53922e-07,2.36245e-07,0.1265,6.83753e-05,8.03523e-05,6.74038e-05,0.0325911,-0.999469,0,1,0.0325911,-0.999469,0,1,0.0325911,-0.999469,0,1,2.01923e-07,2.15832e-07,2.00762e-07,36.8772,39.4891,36.6624,1.00068,1.00073,1.00035,0.284786,0.0510068,1,1.04101,1.00021,1.00025,1.00001,1.00047,1.00048,1.00035,0,0,0,0,0,0,0,0,0,0,0,0
Airfoil,26,2.42072e-07,2.5743e-07,2.4074e-07,0.119335,7.06153e-05,8.12185e-05,6.97173e-05,0.0283125,-0.999599,0,1,0.0283125,-0.999599,0,1,0.0283125,-0.999599,0,1,2.05725e-07,2.18819e-07,2.04588e-07,37.4097,39.702,37.2131,1.00064,1.00069,1.00034,0.3065,0.0516763,0,0.310826,1.00018,1.00022,0.999987,1.00046,1.00048,1.00035,0,0,0,0,0,0,0,0,0,0,0,0
Airfoil,27,2.42072e-07,2.5743e-07,2.4074e-07,0.119335,7.06153e-05,8.12185e-05,6.97173e-05,0.0283125,-0.999599,0,1,0.0283125,-0.999599,0,1,0.0283125,-0.999599,0,1,2.05725e-07,2.18819e-07,2.04588e-07,37.4097,39.702,37.2131,1.00064,1.00069,1.00034,0.3065,0.0516763,1,1.04719,1.00018,1.00022,0.999987,1.00046,1.00048,1.00035,0,0,0,0,0,0,0,0,0,0,0,0
Airfoil,28,2.44484e-07,2.58894e-07,2.43206e-07,0.114684,7.21404e-05,8.15354e-05,7.13247e-05,0.0233729,-0.999727,0,1,0.0233729,-0.999727,0,1,0.0233729,-0.999727,0,1,2.0778e-07,2.20065e-07,2.06689e-07,37.7589,39.7793,37.5815,1.00061,1.00067,1.00033,0.328218,0.052237,0,0.332349,1.00015,1.00019,0.999969,1.00046,1.00047,1.00036,0,0,0,0,0,0,0,0,0,0,0,0
Airfoil,29,2.44484e-07,2.58894e-07,2.43206e-07,0.114684,7.21404e-05,8.15354e-05,7.13247e-05,0.0233729,-0.999727,0,1,0.0233729,-0.999727,0,1,0.0233729,-0.999727,0,1,2.0778e-07,2.20065e-07,2.06689e-07,37.7589,39.7793,37.5815,1.00061,1.00067,1.00033,0.328218,0.052237,1,1.05378,1.00015,1.00019,0.999969,1.00046,1.00047,1.00036,0,0,0,0,0,0,0,0,0,0,0,0
Airfoil,30,2.45393e-07,2.58846e-07,2.44186e-07,0.112704,7.29148e-05,8.13166e-05,7.21773e-05,0.0187654,-0.999824,0,1,0.0187654,-0.999824,0,1,0.0187654,-0.999824,0,1,2.08555e-07,2.20025e-07,2.07525e-07,37.901,39.7035,37.7412,1.0006,1.00066,1.00033,0.349939,0.0526919,0,0.353884,1.00014,1.00018,0.999959,1.00046,1.00048,1.00037,0,0,0,0,0,0,0,0,0,0,0,0
Airfoil,31,2.45393e-07,2.58846e-07,2.44186e-07,0.112704,7.29148e-05,8.13166e-05,7.21773e-05,0.0187654,-0.999824,0,1,0.0187654,-0.999824,0,1,0.0187654,-0.999824,0,1,2.08555e-07,2.20025e-07,2.07525e-07,37.901,39.7035,37.7412,1.0006,1.00066,1.00033,0.349939,0.0526919,1,1.06077,1.00014,1.00018,0.999959,1.00046,1.00048,1.00037,0,0,0,0,0,0,0,0,0,0,0,0
Airfoil,32,2.45422e-07,2.57927e-07,2.44298e-07,0.112125,7.30782e-05,8.06666e-05,7.2412e-05,0.0146076,-0.999893,0,1,0.0146076,-0.999893,0,1,0.0146076,-0.999893,0,1,2.08581e-07,2.19243e-07,2.07622e-07,37.8704,39.498,37.7262,1.0006,1.00065,1.00033,0.371661,0.0530524,0,0.375429,1.00013,1.00017,0.999954,1.00047,1.00048,1.00038,0,0,0,0,0,0,0,0,0,0,0,0
Airfoil,33,2.45422e-07,2.57927e-07,2.44298e-07,0.112125,7.30782e-05,8.06666e-05,7.2412e-05,0.0146076,-0.999893,0,1,0.0146076,-0.999893,0,1,0.0146076,-0.999893,0,1,2.08581e-07,2.19243e-07,2.07622e-07,37.8704,39.498,37.7262,1.0006,1.00065,1.00033,0.371661,0.0530524,1,1.06815,1.00013,1.00017,0.999954,1.00047,1.00048,1.00038,0,0,0,0,0,0,0,0,0,0,0,0
Airfoil,34,2.45165e-07,2.56873e-07,2.44122e-07,0.112103,7.28486e-05,7.97781e-05,7.22449e-05,0.011015,-0.999939,0,1,0.011015,-0.999939,0,1,0.011015,-0.999939,0,1,2.08365e-07,2.18345e-07,2.07474e-07,37.7189,39.2065,37.5882,1.0006,1.00065,1.00034,0.393385,0.0533266,0,0.396983,1.00012,1.00016,0.999951,1.00048,1.00049,1.00039,0,0,0,0,0,0,0,0,0,0,0,0
Airfoil,35,2.45165e-07,2.56873e-07,2.44122e-07,0.112103,7.28486e-05,7.97781e-05,7.22449e-05,0.011015,-0.999939,0,1,0.011015,-0.999939,0,1,0.011015,-0.999939,0,1,2.08365e-07,2.18345e-07,2.07474e-07,37.7189,39.2065,37.5882,1.0006,1.00065,1.00034,0.393385,0.0533266,1,1.07592,1.00012,1.00016,0.999951,1.00048,1.00049,1.00039,0,0,0,0,0,0,0,0,0,0,0,0
Airfoil,36,2.44982e-07,2.56069e-07,2.44006e-07,0.111992,7.24318e-05,7.88426e-05,7.188e-05,0.00763304,-0.999971,0,1,0.00763304,-0.999971,0,1,0.00763304,-0.999971,0,1,2.08211e-07,2.1766e-07,2.07377e-07,37.4996,38.8773,37.38,1.0006,1.00065,1.00035,0.415109,0.053531,0,0.418546,1.00012,1.00015,0.999949,1.00048,1.0005,1.0004,0,0,0,0,0,0,0,0,0,0,0,0
Airfoil,37,2.44982e-07,2.56069e-07,2.44006e-07,0.111992,7.24318e-05,7.88426e-05,7.188e-05,0.00763304,-0.999971,0,1,0.00763304,-0.999971,0,1,0.00763304,-0.999971,0,1,2.08211e-07,2.1766e-07,2.07377e-07,37.4996,38.8773,37.38,1.0006,1.00065,1.00035,0.415109,0.053531,1,1.08406,1.00012,1.00015,0.999949,1.00048,1.0005,1.0004,0,0,0,0,0,0,0,0,0,0,0,0
Airfoil,38,2.44567e-07,2.55154e-07,2.43643e-07,0.111769,7.18815e-05,7.78771e-05,7.13709e-05,0.00365247,-0.999994,0,1,0.00365247,-0.999993,0,1,0.00365247,-0.999993,0,1,2.07859e-07,2.16882e-07,2.07071e-07,37.2323,38.5222,37.1216,1.0006,1.00065,1.00035,0.436834,0.0536583,0,0.440117,1.00011,1.00015,0.999945,1.00049,1.0005,1.00041,0,0,0,0,0,0,0,0,0,0,0,0
Airfoil,39,2.44567e-07,2.55154e-07,2.43643e-07,0.111769,7.18815e-05,7.78771e-05,7.13709e-05,0.00365247,-0.999994,0,1,0.00365247,-0.999993,0,1,0.00365247,-0.999993,0,1,2.07859e-07,2.16882e-07,2.07071e-07,37.2323,38.5222,37.1216,1.0006,1.00065,1.00035,0.436834,0.0536583,1,1.09257,1.00011,1.00015,0.999945,1.00049,1.0005,1.00041,0,0,0,0,0,0,0,0,0,0,0,0
Airfoil,40,2.43499e-07,2.53632e-07,2.42618e-07,0.112571,7.11139e-05,7.67514e-05,7.06365e-05,-0.000803524,-1,0,1,-0.000803524,-1,0,1,-0.000803524,-1,0,1,2.06954e-07,2.15587e-07,2.06201e-07,36.8944,38.1094,36.7907,1.0006,1.00066,1.00037,0.458559,0.0536897,0,0.461692,1.0001,1.00014,0.999945,1.0005,1.00051,1.00042,0,0,0,0,0,0,0,0,0,0,0,0
Airfoil,41,2.43499e-07,2.53632e-07,2.42618e-07,0.112571,7.11139e-05,7.67514e-05,7.06365e-05,-0.000803524,-1,0,1,-0.000803524,-1,0,1,-0.000803524,-1,0,1,2.06954e-07,2.15587e-07,2.06201e-07,36.8944,38.1094,36.7907,1.0006,1.00066,1.00037,0.458559,0.0536897,1,1.10143,1.0001,1.00014,0.999945,1.0005,1.00051,1.00042,0,0,0,0,0,0,0,0,0,0,0,0
Airfoil,42,2.41971e-07,2.51639e-07,2.41127e-07,0.115196,7.01029e-05,7.54066e-05,6.96535e-05,-0.00486186,-0.999988,0,1,-0.00486186,-0.999988,0,1,-0.00486186,-0.999988,0,1,2.05654e-07,2.1389e-07,2.04933e-07,36.4741,37.6201,36.3763,1.00062,1.00067,1.00039,0.480284,0.0536233,0,0.483268,1.0001,1.00014,0.999953,1.00051,1.00053,1.00043,0,0,0,0,0,0,0,0,0,0,0,0
Airfoil,43,2.41971e-07,2.51639e-07,2.41127e-07,0.115196,7.01029e-05,7.54066e-05,6.96535e-05,-0.00486186,-0.999988,0,1,-0.00486186,-0.999988,0,1,-0.00486186,-0.999988,0,1,2.05654e-07,2.1389e-07,2.04933e-07,36.4741,37.6201,36.3763,1.00062,1.00067,1.00039,0.480284,0.0536233,1,1.11065,1.0001,1.00014,0.999953,1.00051,1.00053,1.00043,0,0,0,0,0,0,0,0,0,0,0,0
Airfoil,44,2.40627e-07,2.49797e-07,2.39817e-07,0.118934,6.89829e-05,7.3963e-05,6.85581e-05,-0.00824477,-0.999966,0,1,-0.00824476,-0.999966,0,1,-0.00824476,-0.999966,0,1,2.0451e-07,2.1232e-07,2.03819e-07,36.0044,37.0835,35.9117,1.00064,1.00069,1.00041,0.502009,0.0534784,0,0.504849,1.00011,1.00015,0.999968,1.00052,1.00054,1.00044,0,0,0,0,0,0,0,0,0,0,0,0
Airfoil,45,2.40627e-07,2.49797e-07,2.39817e-07,0.118934,6.89829e-05,7.3963e-05,6.85581e-05,-0.00824477,-0.999966,0,1,-0.00824476,-0.999966,0,1,-0.00824476,-0.999966,0,1,2.0451e-07,2.1232e-07,2.03819e-07,36.0044,37.0835,35.9117,1.00064,1.00069,1.00041,0.502009,0.0534784,1,1.12021,1.00011,1.00015,0.999968,1.00052,1.00054,1.00044,0,0,0,0,0,0,0,0,0,0,0,0
Airfoil,46,2.39684e-07,2.48315e-07,2.3891e-07,0.122606,6.78938e-05,7.25531e-05,6.74919e-05,-0.0117191,-0.999931,0,1,-0.0117191,-0.999931,0,1,-0.0117191,-0.999931,0,1,2.03706e-07,2.11056e-07,2.03045e-07,35.5223,36.5342,35.4344,1.00066,1.00071,1.00044,0.523733,0.0532651,0,0.526435,1.00012,1.00016,0.999984,1.00053,1.00055,1.00046,0,0,0,0,0,0,0,0,0,0,0,0
Airfoil,47,2.39684e-07,2.48315e-07,2.3891e-07,0.122606,6.78938e-05,7.25531e-05,6.74919e-05,-0.0117191,-0.999931,0,1,-0.0117191,-0.999931,0,1,-0.0117191,-0.999931,0,1,2.03706e-07,2.11056e-07,2.03045e-07,35.5223,36.5342,35.4344,1.00066,1.00071,1.00044,0.523733,0.0532651,1,1.1301,1.00012,1.00016,0.999984,1.00053,1.00055,1.00046,0,0,0,0,0,0,0,0,0,0,0,0
Airfoil,48,2.38598e-07,2.46643e-07,2.37861e-07,0.126478,6.67935e-05,7.11262e-05,6.64146e-05,-0.0159389,-0.999873,0,1,-0.0159389,-0.999873,0,1,-0.0159389,-0.999873,0,1,2.02781e-07,2.09631e-07,2.02151e-07,35.0184,35.9614,34.9354,1.00068,1.00073,1.00047,0.545456,0.0529692,0,0.548022,1.00013,1.00017,0.999998,1.00054,1.00056,1.00047,0,0,0,0,0,0,0,0,0,0,0,0
Airfoil,49,2.38598e-07,2.46643e-07,2.37861e-07,0.126478,6.67935e-05,7.11262e-05,6.64146e-05,-0.0159389,-0.999873,0,1,-0.0159389,-0.999873,0,1,-0.0159389,-0.999873,0,1,2.02781e-07,2.09631e-07,2.02151e-07,35.0184,35.9614,34.9354,1.00068,1.00073,1.00047,0.545456,0.0529692,1,1.14032,1.00013,1.00017,0.999998,1.00054,1.00056,1.00047,0,0,0,0,0,0,0,0,0,0,0,0
Airfoil,50,2.36849e-07,2.44262e-07,2.36155e-07,0.13184,6.55354e-05,6.95314e-05,6.51812e-05,-0.0203983,-0.999792,0,1,-0.0203983,-0.999792,0,1,-0.0203983,-0.999792,0,1,2.01291e-07,2.07601e-07,2.00698e-07,34.458,35.3301,34.3802,1.00071,1.00076,1.0005,0.567178,0.0525726,0,0.569609,1.00015,1.00019,1.00002,1.00055,1.00057,1.00048,0,0,0,0,0,0,0,0,0,0,0,0
Airfoil,51,2.36849e-07,2.44262e-07,2.36155e-07,0.13184,6.55354e-05,6.95314e-05,6.51812e-05,-0.0203983,-0.999792,0,1,-0.0203983,-0.999792,0,1,-0.0203983,-0.999792,0,1,2.01291e-07,2.07601e-07,2.00698e-07,34.458,35.3301,34.3802,1.00071,1.00076,1.0005,0.567178,0.0525726,1,1.15085,1.00015,1.00019,1.00002,1.00055,1.00057,1.00048,0,0,0,0,0,0,0,0,0,0,0,0
Airfoil,52,2.34596e-07,2.4134e-07,2.33952e-07,0.139317,6.4077e-05,6.77314e-05,6.37493e-05,-0.0243017,-0.999704,0,1,-0.0243017,-0.999705,0,1,-0.0243017,-0.999705,0,1,1.99372e-07,2.05111e-07,1.98821e-07,33.8345,34.6351,33.7623,1.00075,1.0008,1.00055,0.588898,0.0520829,0,0.591197,1.00018,1.00021,1.00005,1.00057,1.00058,1.0005,0,0,0,0,0,0,0,0,0,0,0,0
Airfoil,53,2.34596e-07,2.4134e-07,2.33952e-07,0.139317,6.4077e-05,6.77314e-05,6.37493e-05,-0.0243017,-0.999704,0,1,-0.0243017,-0.999705,0,1,-0.0243017,-0.999705,0,1,1.99372e-07,2.05111e-07,1.98821e-07,33.8345,34.6351,33.7623,1.00075,1.0008,1.00055,0.588898,0.0520829,1,1.16169,1.00018,1.00021,1.00005,1.00057,1.00058,1.0005,0,0,0,0,0,0,0,0,0,0,0,0
Airfoil,54,2.32322e-07,2.38371e-07,2.31732e-07,0.147817,6.25157e-05,6.58331e-05,6.22156e-05,-0.0277198,-0.999616,0,1,-0.0277198,-0.999616,0,1,-0.0277198,-0.999616,0,1,1.97432e-07,2.02578e-07,1.96928e-07,33.174,33.9039,33.1076,1.00079,1.00084,1.0006,0.610616,0.0515166,0,0.612785,1.00021,1.00024,1.00008,1.00058,1.0006,1.00052,0,0,0,0,0,0,0,0,0,0,0,0
Airfoil,55,2.32322e-07,2.38371e-07,2.31732e-07,0.147817,6.25157e-05,6.58331e-05,6.22156e-05,-0.0277198,-0.999616,0,1,-0.0277198,-0.999616,0,1,-0.0277198,-0.999616,0,1,1.97432e-07,2.02578e-07,1.96928e-07,33.174,33.9039,33.1076,1.00079,1.00084,1.0006,0.610616,0.0515166,1,1.17282,1.00021,1.00024,1.00008,1.00058,1.0006,1.00052,0,0,0,0,0,0,0,0,0,0,0,0
Airfoil,56,2.2993e-07,2.35259e-07,2.29392e-07,0.156673,6.09008e-05,6.38882e-05,6.06287e-05,-0.0315719,-0.999502,0,1,-0.0315718,-0.999502,0,1,-0.0315718,-0.999502,0,1,1.95393e-07,1.99925e-07,1.94934e-07,32.4855,33.1457,32.425,1.00084,1.00089,1.00066,0.632332,0.0508785,0,0.634375,1.00024,1.00028,1.00012,1.0006,1.00061,1.00053,0,0,0,0,0,0,0,0,0,0,0,0
Airfoil,57,2.2993e-07,2.35259e-07,2.29392e-07,0.156673,6.09008e-05,6.38882e-05,6.06287e-05,-0.0315719,-0.999502,0,1,-0.0315718,-0.999502,0,1,-0.0315718,-0.999502,0,1,1.95393e-07,1.99925e-07,1.94934e-07,32.4855,33.1457,32.425,1.00084,1.00089,1.00066,0.632332,0.0508785,1,1.18424,1.00024,1.00028,1.00012,1.0006,1.00061,1.00053,0,0,0,0,0,0,0,0,0,0,0,0
Airfoil,58,2.26518e-07,2.31087e-07,2.26032e-07,0.166798,5.90929e-05,6.17497e-05,5.88491e-05,-0.0364514,-0.999336,0,1,-0.0364514,-0.999336,0,1,-0.0364514,-0.999336,0,1,1.92487e-07,1.9637e-07,1.92072e-07,31.7319,32.3223,31.6774,1.00089,1.00094,1.00072,0.654045,0.0501448,0,0.655964,1.00028,1.00031,1.00016,1.00061,1.00063,1.00055,0,0,0,0,0,0,0,0,0,0,0,0
Airfoil,59,2.26518e-07,2.31087e-07,2.26032e-07,0.166798,5.90929e-05,6.17497e-05,5.88491e-05,-0.0364514,-0.999336,0,1,-0.0364514,-0.999336,0,1,-0.0364514,-0.999336,0,1,1.92487e-07,1.9637e-07,1.92072e-07,31.7319,32.3223,31.6774,1.00089,1.00094,1.00072,0.654045,0.0501448,1,1.19595,1.00028,1.00031,1.00016,1.00061,1.00063,1.00055,0,0,0,0,0,0,0,0,0,0,0,0
Airfoil,60,2.20909e-07,2.24663e-07,2.20481e-07,0.179703,5.68294e-05,5.91466e-05,5.6615e-05,-0.0421384,-0.999112,0,1,-0.0421384,-0.999112,0,1,-0.0421384,-0.999112,0,1,1.87712e-07,1.909e-07,1.87347e-07,30.8508,31.3701,30.8026,1.00096,1.00101,1.00079,0.675753,0.0492947,0,0.677549,1.00033,1.00036,1.00022,1.00064,1.00065,1.00058,0,0,0,0,0,0,0,0,0,0,0,0
Airfoil,61,2.20909e-07,2.24663e-07,2.20481e-07,0.179703,5.68294e-05,5.91466e-05,5.6615e-05,-0.0421384,-0.999112,0,1,-0.0421384,-0.999112,0,1,-0.0421384,-0.999112,0,1,1.87712e-07,1.909e-07,1.87347e-07,30.8508,31.3701,30.8026,1.00096,1.00101,1.00079,0.675753,0.0492947,1,1.20792,1.00033,1.00036,1.00022,1.00064,1.00065,1.00058,0,0,0,0,0,0,0,0,0,0,0,0
Airfoil,62,2.11857e-07,2.14744e-07,2.11492e-07,0.196548,5.38092e-05,5.57755e-05,5.3623e-05,-0.0479875,-0.998848,0,1,-0.0479875,-0.998848,0,1,-0.0479875,-0.998848,0,1,1.80009e-07,1.82458e-07,1.79697e-07,29.775,30.2218,29.7326,1.00105,1.0011,1.00089,0.697456,0.0483139,0,0.699127,1.00039,1.00042,1.00028,1.00066,1.00068,1.00061,0,0,0,0,0,0,0,0,0,0,0,0
Airfoil,63,2.11857e-07,2.14744e-07,2.11492e-07,0.196548,5.38092e-05,5.57755e-05,5.3623e-05,-0.0479875,-0.998848,0,1,-0.0479875,-0.998848,0,1,-0.0479875,-0.998848,0,1,1.80009e-07,1.82458e-07,1.79697e-07,29.775,30.2218,29.7326,1.00105,1.0011,1.00089,0.697456,0.0483139,1,1.22016,1.00039,1.00042,1.00028,1.00066,1.00068,1.00061,0,0,0,0,0,0,0,0,0,0,0,0
Airfoil,64,1.98967e-07,2.0096e-07,1.98667e-07,0.217998,4.99197e-05,5.15381e-05,4.97616e-05,-0.0516893,-0.998663,0,1,-0.0516893,-0.998663,0,1,-0.0516893,-0.998663,0,1,1.69043e-07,1.70732e-07,1.68786e-07,28.4966,28.8725,28.4598,1.00117,1.00122,1.00101,0.719153,0.0472096,0,0.720701,1.00047,1.00051,1.00037,1.0007,1.00071,1.00064,0,0,0,0,0,0,0,0,0,0,0,0
Airfoil,65,1.98967e-07,2.0096e-07,1.98667e-07,0.217998,4.99197e-05,5.15381e-05,4.97616e-05,-0.0516893,-0.998663,0,1,-0.0516893,-0.998663,0,1,-0.0516893,-0.998663,0,1,1.69043e-07,1.70732e-07,1.68786e-07,28.4966,28.8725,28.4598,1.00117,1.00122,1.00101,0.719153,0.0472096,1,1.23264,1.00047,1.00051,1.00037,1.0007,1.00071,1.00064,0,0,0,0,0,0,0,0,0,0,0,0
Airfoil,66,1.84027e-07,1.85174e-07,1.8379e-07,0.242653,4.55547e-05,4.68653e-05,4.54225e-05,-0.0502386,-0.998737,0,1,-0.0502386,-0.998737,0,1,-0.0502386,-0.998737,0,1,1.56334e-07,1.57315e-07,1.56132e-07,27.1414,27.4549,27.1097,1.0013,1.00135,1.00115,0.740849,0.046068,0,0.742279,1.00057,1.00061,1.00047,1.00073,1.00074,1.00067,0,0,0,0,0,0,0,0,0,0,0,0
Airfoil,67,1.84027e-07,1.85174e-07,1.8379e-07,0.242653,4.55547e-05,4.68653e-05,4.54225e-05,-0.0502386,-0.998737,0,1,-0.0502386,-0.998737,0,1,-0.0502386,-0.998737,0,1,1.56334e-07,1.57315e-07,1.56132e-07,27.1414,27.4549,27.1097,1.0013,1.00135,1.00115,0.740849,0.046068,1,1.24538,1.00057,1.00061,1.00047,1.00073,1.00074,1.00067,0,0,0,0,0,0,0,0,0,0,0,0
Airfoil,68,1.70069e-07,1.70751e-07,1.69885e-07,0.267219,4.14697e-05,4.25528e-05,4.13581e-05,-0.0429283,-0.999078,0,1,-0.0429283,-0.999078,0,1,-0.0429283,-0.999078,0,1,1.4446e-07,1.45052e-07,1.44304e-07,25.9164,26.1842,25.8888,1.00143,1.00148,1.00129,0.762549,0.0450267,0,0.763877,1.00068,1.00073,1.00058,1.00075,1.00076,1.0007,0,0,0,0,0,0,0,0,0,0,0,0
Airfoil,69,1.70069e-07,1.70751e-07,1.69885e-07,0.267219,4.14697e-05,4.25528e-05,4.13581e-05,-0.0429283,-0.999078,0,1,-0.0429283,-0.999078,0,1,-0.0429283,-0.999078,0,1,1.4446e-07,1.45052e-07,1.44304e-07,25.9164,26.1842,25.8888,1.00143,1.00148,1.00129,0.762549,0.0450267,1,1.25838,1.00068,1.00073,1.00058,1.00075,1.00076,1.0007,0,0,0,0,0,0,0,0,0,0,0,0
Airfoil,70,1.59231e-07,1.59579e-07,1.59055e-07,0.289136,3.82849e-05,3.92374e-05,3.81871e-05,-0.030028,-0.999549,0,1,-0.030028,-0.999549,0,1,-0.030028,-0.999549,0,1,1.35241e-07,1.35535e-07,1.35087e-07,25.0066,25.2492,24.9817,1.00155,1.0016,1.00141,0.784258,0.0442028,0,0.785503,1.00078,1.00083,1.00068,1.00077,1.00078,1.00072,0,0,0,0,0,0,0,0,0,0,0,0
Airfoil,71,1.59231e-07,1.59579e-07,1.59055e-07,0.289136,3.82849e-05,3.92374e-05,3.81871e-05,-0.030028,-0.999549,0,1,-0.030028,-0.999549,0,1,-0.030028,-0.999549,0,1,1.35241e-07,1.35535e-07,1.35087e-07,25.0066,25.2492,24.9817,1.00155,1.0016,1.00141,0.784258,0.0442028,1,1.27162,1.00078,1.00083,1.00068,1.00077,1.00078,1.00072,0,0,0,0,0,0,0,0,0,0,0,0
Airfoil,72,1.53652e-07,1.53954e-07,1.53389e-07,0.307583,3.65598e-05,3.74748e-05,3.64682e-05,-0.0103266,-0.999947,0,1,-0.0103266,-0.999947,0,1,-0.0103266,-0.999947,0,1,1.30491e-07,1.30747e-07,1.3026e-07,24.6224,24.8601,24.5986,1.00165,1.00171,1.00151,0.805978,0.043722,0,0.807163,1.00087,1.00093,1.00077,1.00078,1.00079,1.00073,0,0,0,0,0,0,0,0,0,0,0,0
Airfoil,73,1.53652e-07,1.53954e-07,1.53389e-07,0.307583,3.65598e-05,3.74748e-05,3.64682e-05,-0.0103266,-0.999947,0,1,-0.0103266,-0.999947,0,1,-0.0103266,-0.999947,0,1,1.30491e-07,1.30747e-07,1.3026e-07,24.6224,24.8601,24.5986,1.00165,1.00171,1.00151,0.805978,0.043722,1,1.28511,1.00087,1.00093,1.00077,1.00078,1.00079,1.00073,0,0,0,0,0,0,0,0,0,0,0,0
Airfoil,74,1.53366e-07,1.53649e-07,1.53036e-07,0.320489,3.62992e-05,3.72277e-05,3.62087e-05,0.0128955,-0.999917,0,1,0.0128955,-0.999917,0,1,0.0128955,-0.999917,0,1,1.3024e-07,1.30478e-07,1.29951e-07,24.771,25.0143,24.7473,1.00172,1.00179,1.00158,0.827702,0.0437541,0,0.828858,1.00093,1.00099,1.00084,1.00078,1.0008,1.00074,0,0,0,0,0,0,0,0,0,0,0,0
Airfoil,75,1.53366e-07,1.53649e-07,1.53036e-07,0.320489,3.62992e-05,3.72277e-05,3.62087e-05,0.0128955,-0.999917,0,1,0.0128955,-0.999917,0,1,0.0128955,-0.999917,0,1,1.3024e-07,1.30478e-07,1.29951e-07,24.771,25.0143,24.7473,1.00172,1.00179,1.00158,0.827702,0.0437541,1,1.29885,1.00093,1.00099,1.00084,1.00078,1.0008,1.00074,0,0,0,0,0,0,0,0,0,0,0,0
Airfoil,76,1.56468e-07,1.56745e-07,1.5613e-07,0.32732,3.7229e-05,3.81715e-05,3.71375e-05,0.0393664,-0.999225,0,1,0.0393663,-0.999225,0,1,0.0393663,-0.999225,0,1,1.3287e-07,1.33103e-07,1.32574e-07,25.4316,25.6786,25.4076,1.00175,1.00183,1.00162,0.84942,0.0442823,0,0.850574,1.00097,1.00103,1.00088,1.00078,1.0008,1.00074,0,0,0,0,0,0,0,0,0,0,0,0
Airfoil,77,1.56468e-07,1.56745e-07,1.5613e-07,0.32732,3.7229e-05,3.81715e-05,3.71375e-05,0.0393664,-0.999225,0,1,0.0393663,-0.999225,0,1,0.0393663,-0.999225,0,1,1.3287e-07,1.33103e-07,1.32574e-07,25.4316,25.6786,25.4076,1.00175,1.00183,1.00162,0.84942,0.0442823,1,1.31281,1.00097,1.00103,1.00088,1.00078,1.0008,1.00074,0,0,0,0,0,0,0,0,0,0,0,0
Airfoil,78,1.62344e-07,1.62624e-07,1.62007e-07,0.327476,3.90688e-05,3.99985e-05,3.89762e-05,0.0672251,-0.997738,0,1,0.0672251,-0.997738,0,1,0.0672251,-0.997738,0,1,1.37858e-07,1.38094e-07,1.37562e-07,26.527,26.7696,26.5028,1.00175,1.00183,1.00162,0.871112,0.0454643,0,0.872298,1.00098,1.00104,1.00089,1.00078,1.00079,1.00073,0,0,0,0,0,0,0,0,0,0,0,0
Airfoil,79,1.62344e-07,1.62624e-07,1.62007e-07,0.327476,3.90688e-05,3.99985e-05,3.89762e-05,0.0672251,-0.997738,0,1,0.0672251,-0.997738,0,1,0.0672251,-0.997738,0,1,1.37858e-07,1.38094e-07,1.37562e-07,26.527,26.7696,26.5028,1.00175,1.00183,1.00162,0.871112,0.0454643,1,1.32699,1.00098,1.00104,1.00089,1.00078,1.00079,1.00073,0,0,0,0,0,0,0,0,0,0,0,0
Airfoil,80,1.69593e-07,1.69879e-07,1.69232e-07,0.320066,4.14239e-05,4.22958e-05,4.13316e-05,0.0930547,-0.995661,0,1,0.0930547,-0.995661,0,1,0.0930547,-0.995661,0,1,1.44017e-07,1.44259e-07,1.43701e-07,27.9201,28.1463,27.8961,1.00171,1.0018,1.00158,0.892767,0.0472029,0,0.894014,1.00095,1.00101,1.00086,1.00076,1.00078,1.00072,0,0,0,0,0,0,0,0,0,0,0,0
Airfoil,81,1.69593e-07,1.69879e-07,1.69232e-07,0.320066,4.14239e-05,4.22958e-05,4.13316e-05,0.0930547,-0.995661,0,1,0.0930547,-0.995661,0,1,0.0930547,-0.995661,0,1,1.44017e-07,1.44259e-07,1.43701e-07,27.9201,28.1463,27.8961,1.00171,1.0018,1.00158,0.892767,0.0472029,1,1.34137,1.00095,1.00101,1.00086,1.00076,1.00078,1.00072,0,0,0,0,0,0,0,0,0,0,0,0
Airfoil,82,1.77492e-07,1.77786e-07,1.77064e-07,0.30587,4.4474e-05,4.52512e-05,4.43828e-05,0.119428,-0.992843,0,1,0.119428,-0.992843,0,1,0.119428,-0.992843,0,1,1.50732e-07,1.5098e-07,1.5036e-07,29.7466,29.9469,29.7231,1.00164,1.00172,1.00151,0.914369,0.0495071,0,0.915708,1.0009,1.00096,1.00082,1.00073,1.00076,1.00069,0,0,0,0,0,0,0,0,0,0,0,0
Airfoil,83,1.77492e-07,1.77786e-07,1.77064e-07,0.30587,4.4474e-05,4.52512e-05,4.43828e-05,0.119428,-0.992843,0,1,0.119428,-0.992843,0,1,0.119428,-0.992843,0,1,1.50732e-07,1.5098e-07,1.5036e-07,29.7466,29.9469,29.7231,1.00164,1.00172,1.00151,0.914369,0.0495071,1,1.35592,1.0009,1.00096,1.00082,1.00073,1.00076,1.00069,0,0,0,0,0,0,0,0,0,0,0,0
Airfoil,84,1.85643e-07,1.85942e-07,1.85069e-07,0.281971,4.81362e-05,4.87966e-05,4.80458e-05,0.144168,-0.989553,0,1,0.144168,-0.989553,0,1,0.144168,-0.989553,0,1,1.5767e-07,1.57922e-07,1.57173e-07,31.9602,32.1288,31.937,1.00151,1.0016,1.00138,0.935901,0.0523915,0,0.937367,1.00081,1.00086,1.00072,1.0007,1.00074,1.00066,0,0,0,0,0,0,0,0,0,0,0,0
Airfoil,85,1.85643e-07,1.85942e-07,1.85069e-07,0.281971,4.81362e-05,4.87966e-05,4.80458e-05,0.144168,-0.989553,0,1,0.144168,-0.989553,0,1,0.144168,-0.989553,0,1,1.5767e-07,1.57922e-07,1.57173e-07,31.9602,32.1288,31.937,1.00151,1.0016,1.00138,0.935901,0.0523915,1,1.37064,1.00081,1.00086,1.00072,1.0007,1.00074,1.00066,0,0,0,0,0,0,0,0,0,0,0,0
Airfoil,86,2.01305e-07,2.01603e-07,2.00401e-07,0.2445,5.46321e-05,5.51172e-05,5.45427e-05,0.166768,-0.985996,0,1,0.166768,-0.985996,0,1,0.166768,-0.985996,0,1,1.70991e-07,1.71243e-07,1.70216e-07,35.1489,35.2694,35.1264,1.00131,1.0014,1.00118,0.957362,0.0557708,0,0.958985,1.00069,1.00074,1.00061,1.00062,1.00066,1.00057,0,0,0,0,0,0,0,0,0,0,0,0
Airfoil,87,2.01305e-07,2.01603e-07,2.00401e-07,0.2445,5.46321e-05,5.51172e-05,5.45427e-05,0.166768,-0.985996,0,1,0.166768,-0.985996,0,1,0.166768,-0.985996,0,1,1.70991e-07,1.71243e-07,1.70216e-07,35.1489,35.2694,35.1264,1.00131,1.0014,1.00118,0.957362,0.0557708,1,1.38552,1.00069,1.00074,1.00061,1.00062,1.00066,1.00057,0,0,0,0,0,0,0,0,0,0,0,0
Airfoil,88,2.21605e-07,2.21915e-07,2.19591e-07,0.181995,5.88075e-05,5.89753e-05,5.87073e-05,0.107201,-0.994238,0,1,0.107201,-0.994237,0,1,0.107201,-0.994237,0,1,1.88296e-07,1.88558e-07,1.86577e-07,34.3798,34.4198,34.356,1.00098,1.00107,1.00085,0.978737,0.0596364,0,0.980552,1.00038,1.00041,1.00029,1.0006,1.00066,1.00056,0,0,0,0,0,0,0,0,0,0,0,0
Airfoil,89,2.21605e-07,2.21915e-07,2.19591e-07,0.181995,5.88075e-05,5.89753e-05,5.87073e-05,0.107201,-0.994238,0,1,0.107201,-0.994237,0,1,0.107201,-0.994237,0,1,1.88296e-07,1.88558e-07,1.86577e-07,34.3798,34.4198,34.356,1.00098,1.00107,1.00085,0.978737,0.0596364,1,1.40053,1.00038,1.00041,1.00029,1.0006,1.00066,1.00056,0,0,0,0,0,0,0,0,0,0,0,0
Airfoil,90,1.62779e-07,1.74565e-07,1.61771e-07,0.0310854,4.36871e-05,4.57104e-05,4.34957e-05,0.0358873,-0.999356,0,1,0.0358873,-0.999356,0,1,0.0358873,-0.999356,0,1,1.38392e-07,1.48419e-07,1.37535e-07,24.647,25.1299,24.6015,1.00017,1.00023,1.00005,1,0.0604,0,1.00182,0.999561,0.999595,0.999474,1.0006,1.00066,1.00057,0,0,0,0,0,0,0,0,0,0,0,0
Airfoil,91,1.62779e-07,1.74565e-07,1.61771e-07,0.0310854,4.36871e-05,4.57104e-05,4.34957e-05,0.0358873,-0.999356,0,1,0.0358873,-0.999356,0,1,0.0358873,-0.999356,0,1,1.38392e-07,1.48419e-07,1.37535e-07,24.647,25.1299,24.6015,1.00017,1.00023,1.00005,1,0.0604,1,1.4155,0.999561,0.999595,0.999474,1.0006,1.00066,1.00057,0,0,0,0,0,0,0,0,0,0,0,0
Airfoil,92,4.21938e-07,5.23446e-07,4.13668e-07,0.306092,1.38511e-06,3.07166e-06,6.9884e-07,0.401253,-0.915967,0,1,0.401253,-0.915967,0,1,0.401253,-0.915967,0,1,3.58192e-07,4.45039e-07,3.51122e-07,10.0613,10.9034,9.75212,1.00164,1.00181,0.999588,0.0195381,0.029705,1,1.00063,1.00128,1.0014,0.999722,1.00036,1.0004,0.999865,0,0,0,0,0,0,0,0,0,0,0,0
Airfoil,93,4.21938e-07,5.23446e-07,4.13668e-07,0.306092,1.38511e-06,3.07166e-06,6.9884e-07,0.401253,-0.915967,0,1,0.401253,-0.915967,0,1,0.401253,-0.915967,0,1,3.58192e-07,4.45039e-07,3.51122e-07,10.0613,10.9034,9.75212,1.00164,1.00181,0.999588,0.0195381,0.029705,0,0.0355545,1.00128,1.0014,0.999722,1.00036,1.0004,0.999865,0,0,0,0,0,0,0,0,0,0,0,0
Airfoil,94,3.91364e-07,5.18634e-07,3.81029e-07,0.492382,1.25193e-06,2.34674e-06,8.43557e-07,0.56862,-0.822601,0,1,0.56862,-0.822601,0,1,0.56862,-0.822601,0,1,3.31975e-07,4.40552e-07,3.23165e-07,9.07739,9.63385,8.86561,1.00264,1.0028,1.00065,0.0146127,0.02671,1,1.00046,1.00212,1.00224,1.00068,1.00052,1.00056,0.99997,0,0,0,0,0,0,0,0,0,0,0,0
Airfoil,95,3.91364e-07,5.18634e-07,3.81029e-07,0.492382,1.25193e-06,2.34674e-06,8.43557e-07,0.56862,-0.822601,0,1,0.56862,-0.822601,0,1,0.56862,-0.822601,0,1,3.31975e-07,4.40552e-07,3.23165e-07,9.07739,9.63385,8.86561,1.00264,1.0028,1.00065,0.0146127,0.02671,0,0.0304459,1.00212,1.00224,1.00068,1.00052,1.00056,0.99997,0,0,0,0,0,0,0,0,0,0,0,0
Airfoil,96,3.02599e-07,4.50053e-07,2.90676e-07,0.691845,6.0966e-07,1.41974e-06,4.28345e-07,0.677632,-0.735401,0,1,0.677632,-0.735401,0,1,0.677632,-0.735401,0,1,2.56489e-07,3.81926e-07,2.46352e-07,8.46626,8.89451,8.36984,1.00371,1.00385,1.00195,0.010064,0.0231555,1,1.00032,1.0029,1.00301,1.00167,1.0008,1.00084,1.00027,0,0,0,0,0,0,0,0,0,0,0,0
Airfoil,97,3.02599e-07,4.50053e-07,2.90676e-07,0.691845,6.0966e-07,1.41974e-06,4.28345e-07,0.677632,-0.735401,0,1,0.677632,-0.735401,0,1,0.677632,-0.735401,0,1,2.56489e-07,3.81926e-07,2.46352e-07,8.46626,8.89451,8.36984,1.00371,1.00385,1.00195,0.010064,0.0231555,0,0.025248,1.0029,1.00301,1.00167,1.0008,1.00084,1.00027,0,0,0,0,0,0,0,0,0,0,0,0
Airfoil,98,1.87102e-07,3.54953e-07,1.73768e-07,0.873707,4.04884e-07,9.93938e-07,3.10466e-07,0.811085,-0.584927,0,1,0.811086,-0.584927,0,1,0.811086,-0.584927,0,1,1.58484e-07,3.00882e-07,1.47176e-07,7.85158,8.16494,7.80137,1.00468,1.00478,1.00345,0.00615603,0.0189187,1,1.0002,1.00362,1.00369,1.00285,1.00106,1.00109,1.00061,0,0,0,0,0,0,0,0,0,0,0,0
Airfoil,99,1.87102e-07,3.54953e-07,1.73768e-07,0.873707,4.04884e-07,9.93938e-07,3.10466e-07,0.811085,-0.584927,0,1,0.811086,-0.584927,0,1,0.811086,-0.584927,0,1,1.58484e-07,3.00882e-07,1.47176e-07,7.85158,8.16494,7.80137,1.00468,1.00478,1.00345,0.00615603,0.0189187,0,0.0198951,1.00362,1.00369,1.00285,1.00106,1.00109,1.00061,0,0,0,0,0,0,0,0,0,0,0,0
Airfoil,100,8.30841e-08,2.14692e-07,7.52094e-08,0.973616,2.01536e-07,6.39037e-07,1.56326e-07,0.906265,-0.422709,0,1,0.906265,-0.422709,0,1,0.906265,-0.422709,0,1,7.03466e-08,1.8184e-07,6.36754e-08,7.38401,7.61932,7.35963,1.00522,1.00528,1.00468,0.00336477,0.0138639,1,1.0001,1.00396,1.004,1.00366,1.00125,1.00127,1.00101,0,0,0,0,0,0,0,0,0,0,0,0
Airfoil,101,8.30841e-08,2.14692e-07,7.52094e-08,0.973616,2.01536e-07,6.39037e-07,1.56326e-07,0.906265,-0.422709,0,1,0.906265,-0.422709,0,1,0.906265,-0.422709,0,1,7.03466e-08,1.8184e-07,6.36754e-08,7.38401,7.61932,7.35963,1.00522,1.00528,1.00468,0.00336477,0.0138639,0,0.0142664,1.00396,1.004,1.00366,1.00125,1.00127,1.00101,0,0,0,0,0,0,0,0,0,0,0,0
Airfoil,102,1.19338e-07,1.25137e-07,7.88916e-08,0.949206,2.36065e-07,3.72451e-07,2.10049e-07,0.963011,-0.269461,0,1,0.963011,-0.269461,0,1,0.963011,-0.269461,0,1,1.0105e-07,1.05961e-07,6.67952e-08,7.26531,7.3392,7.25113,1.00509,1.00526,1.00504,0.00129513,0.00850141,1,1.00004,1.00391,1.00398,1.00388,1.00117,1.00127,1.00115,0,0,0,0,0,0,0,0,0,0,0,0
Airfoil,103,1.19338e-07,1.25137e-07,7.88916e-08,0.949206,2.36065e-07,3.72451e-07,2.10049e-07,0.963011,-0.269461,0,1,0.963011,-0.269461,0,1,0.963011,-0.269461,0,1,1.0105e-07,1.05961e-07,6.67952e-08,7.26531,7.3392,7.25113,1.00509,1.00526,1.00504,0.00129513,0.00850141,0,0.0085995,1.00391,1.00398,1.00388,1.00117,1.00127,1.00115,0,0,0,0,0,0,0,0,0,0,0,0
Airfoil,104,2.81402e-07,2.95582e-07,1.11964e-07,0.782965,3.33905e-07,5.00343e-07,2.8631e-07,0.996264,-0.0863617,0,1,0.996264,-0.0863617,0,1,0.996264,-0.0863617,0,1,2.38415e-07,2.50437e-07,9.48024e-08,7.21687,7.30605,7.18962,1.00419,1.00516,1.00409,0.000277108,0.0028209,1,1,1.0034,1.00394,1.00334,1.00079,1.00122,1.00075,0,0,0,0,0,0,0,0,0,0,0,0
Airfoil,105,2.81402e-07,2.95582e-07,1.11964e-07,0.782965,3.33905e-07,5.00343e-07,2.8631e-07,0.996264,-0.0863617,0,1,0.996264,-0.0863617,0,1,0.996264,-0.0863617,0,1,2.38415e-07,2.50437e-07,9.48024e-08,7.21687,7.30605,7.18962,1.00419,1.00516,1.00409,0.000277108,0.0028209,0,0.00283448,1.0034,1.00394,1.00334,1.00079,1.00122,1.00075,0,0,0,0,0,0,0,0,0,0,0,0
Airfoil,106,4.52668e-07,4.66989e-07,2.71524e-07,0.467327,4.28338e-07,6.85135e-07,3.95053e-07,0.995516,0.0945899,0,1,0.995516,0.0945899,0,1,0.995516,0.0945899,0,1,3.83931e-07,3.96108e-07,2.30024e-07,7.27569,7.4096,7.25865,1.0025,1.00431,1.00233,0.000302351,-0.00292577,1,1,1.00232,1.00347,1.00221,1.00018,1.00084,1.00012,0,0,0,0,0,0,0,0,0,0,0,0
Airfoil,107,4.52668e-07,4.66989e-07,2.71524e-07,0.467327,4.28338e-07,6.85135e-07,3.95053e-07,0.995516,0.0945899,0,1,0.995516,0.0945899,0,1,0.995516,0.0945899,0,1,3.83931e-07,3.96108e-07,2.30024e-07,7.27569,7.4096,7.25865,1.0025,1.00431,1.00233,0.000302351,-0.00292577,0,0.00294135,1.00232,1.00347,1.00221,1.00018,1.00084,1.00012,0,0,0,0,0,0,0,0,0,0,0,0
Airfoil,108,5.97761e-07,6.10873e-07,4.31382e-07,0.0241429,5.32773e-07,8.80492e-07,4.95525e-07,0.961374,0.275247,0,1,0.961374,0.275247,0,1,0.961374,0.275247,0,1,5.07846e-07,5.19051e-07,3.6584e-07,7.44727,7.62571,7.42916,1.00013,1.00273,0.999897,0.00136453,-0.00859942,1,1.00004,1.00063,1.0024,1.00047,0.999501,1.00032,0.999428,0,0,0,0,0,0,0,0,0,0,0,0
Airfoil,109,5.97761e-07,6.10873e-07,4.31382e-07,0.0241429,5.32773e-07,8.80492e-07,4.95525e-07,0.961374,0.275247,0,1,0.961374,0.275247,0,1,0.961374,0.275247,0,1,5.07846e-07,5.19051e-07,3.6584e-07,7.44727,7.62571,7.42916,1.00013,1.00273,0.999897,0.00136453,-0.00859942,0,0.00870701,1.00063,1.0024,1.00047,0.999501,1.00032,0.999428,0,0,0,0,0,0,0,0,0,0,0,0
Airfoil,110,7.15535e-07,7.27324e-07,5.66337e-07,-0.475983,6.31636e-07,1.0676e-06,5.94897e-07,0.903089,0.429453,0,1,0.903089,0.429453,0,1,0.903089,0.429453,0,1,6.0906e-07,6.19197e-07,4.80968e-07,7.65806,7.88072,7.64052,0.99745,1.00064,0.997172,0.00346008,-0.0139605,1,1.0001,0.998689,1.00095,0.998492,0.998758,0.999686,0.998677,0,0,0,0,0,0,0,0,0,0,0,0
Airfoil,111,7.15535e-07,7.27324e-07,5.66337e-07,-0.475983,6.31636e-07,1.0676e-06,5.94897e-07,0.903089,0.429453,0,1,0.903089,0.429453,0,1,0.903089,0.429453,0,1,6.0906e-07,6.19197e-07,4.80968e-07,7.65806,7.88072,7.64052,0.99745,1.00064,0.997172,0.00346008,-0.0139605,0,0.0143829,0.998689,1.00095,0.998492,0.998758,0.999686,0.998677,0,0,0,0,0,0,0,0,0,0,0,0
Airfoil,112,7.85041e-07,7.95256e-07,6.54439e-07,-0.997981,7.94201e-07,1.35941e-06,7.45906e-07,0.800386,0.599484,0,1,0.800387,0.599484,0,1,0.800387,0.599484,0,1,6.69693e-07,6.78538e-07,5.56797e-07,8.18133,8.46654,8.15542,0.994653,0.998259,0.994343,0.006305,-0.0189856,1,1.0002,0.996453,0.999104,0.996225,0.998192,0.999153,0.998106,0,0,0,0,0,0,0,0,0,0,0,0
Airfoil,113,7.85041e-07,7.95256e-07,6.54439e-07,-0.997981,7.94201e-07,1.35941e-06,7.45906e-07,0.800386,0.599484,0,1,0.800387,0.599484,0,1,0.800387,0.599484,0,1,6.69693e-07,6.78538e-07,5.56797e-07,8.18133,8.46654,8.15542,0.994653,0.998259,0.994343,0.006305,-0.0189856,0,0.0200051,0.996453,0.999104,0.996225,0.998192,0.999153,0.998106,0,0,0,0,0,0,0,0,0,0,0,0
Airfoil,114,7.85207e-07,7.92962e-07,6.82496e-07,-1.35421,9.75725e-07,1.75206e-06,9.02659e-07,0.659437,0.751759,0,1,0.659438,0.751759,0,1,0.659438,0.751759,0,1,6.71086e-07,6.77863e-07,5.81605e-07,8.85774,9.24405,8.81953,0.992745,0.996446,0.992428,0.0103233,-0.0231249,1,1.00032,0.994553,0.997452,0.994303,0.998181,0.99899,0.998104,0,0,0,0,0,0,0,0,0,0,0,0
Airfoil,115,7.85207e-07,7.92962e-07,6.82496e-07,-1.35421,9.75725e-07,1.75206e-06,9.02659e-07,0.659437,0.751759,0,1,0.659438,0.751759,0,1,0.659438,0.751759,0,1,6.71086e-07,6.77863e-07,5.81605e-07,8.85774,9.24405,8.81953,0.992745,0.996446,0.992428,0.0103233,-0.0231249,0,0.0253246,0.994553,0.997452,0.994303,0.998181,0.99899,0.998104,0,0,0,0,0,0,0,0,0,0,0,0
Airfoil,116,7.28478e-07,7.3312e-07,6.6244e-07,-1.40518,1.58857e-06,2.75427e-06,1.4798e-06,0.547563,0.836765,0,1,0.547563,0.836765,0,1,0.547563,0.836765,0,1,6.23051e-07,6.27156e-07,5.64947e-07,9.47755,10.0355,9.42436,0.992472,0.995846,0.992184,0.0149508,-0.0265696,1,1.00046,0.993833,0.996678,0.993584,0.998629,0.999164,0.998572,0,0,0,0,0,0,0,0,0,0,0,0
Airfoil,117,7.28478e-07,7.3312e-07,6.6244e-07,-1.40518,1.58857e-06,2.75427e-06,1.4798e-06,0.547563,0.836765,0,1,0.547563,0.836765,0,1,0.547563,0.836765,0,1,6.23051e-07,6.27156e-07,5.64947e-07,9.47755,10.0355,9.42436,0.992472,0.995846,0.992184,0.0149508,-0.0265696,0,0.0304872,0.993833,0.996678,0.993584,0.998629,0.999164,0.998572,0,0,0,0,0,0,0,0,0,0,0,0
Airfoil,118,6.55468e-07,6.57096e-07,6.25613e-07,-1.28367,1.54012e-06,3.36145e-06,1.36784e-06,0.478757,0.877947,0,1,0.478757,0.877947,0,1,0.478757,0.877947,0,1,5.6054e-07,5.62049e-07,5.33587e-07,9.35561,10.2299,9.26774,0.993123,0.996055,0.992872,0.0199654,-0.0294341,1,1.00063,0.993967,0.996599,0.993737,0.999149,0.999453,0.999112,0,0,0,0,0,0,0,0,0,0,0,0
Airfoil,119,6.55468e-07,6.57096e-07,6.25613e-07,-1.28367,1.54012e-06,3.36145e-06,1.36784e-06,0.478757,0.877947,0,1,0.478757,0.877947,0,1,0.478757,0.877947,0,1,5.6054e-07,5.62049e-07,5.33587e-07,9.35561,10.2299,9.26774,0.993123,0.996055,0.992872,0.0199654,-0.0294341,0,0.0355666,0.993967,0.996599,0.993737,0.999149,0.999453,0.999112,0,0,0,0,0,0,0,0,0,0,0,0
Airfoil,120,5.59871e-07,5.74356e-07,5.57667e-07,-1.10866,9.95946e-06,1.35528e-05,9.61028e-06,0.447103,0.894482,0,1,0.447103,0.894482,0,1,0.447103,0.894482,0,1,4.7854e-07,4.89737e-07,4.76756e-07,12.5112,13.7634,12.3843,0.994061,0.996536,0.993845,0.0250899,-0.0320986,1,1.00083,0.994489,0.996876,0.994279,0.999569,0.999658,0.999545,0,0,0,0,0,0,0,0,0,0,0,0
Airfoil,121,5.59871e-07,5.74356e-07,5.57667e-07,-1.10866,9.95946e-06,1.35528e-05,9.61028e-06,0.447103,0.894482,0,1,0.447103,0.894482,0,1,0.447103,0.894482,0,1,4.7854e-07,4.89737e-07,4.76756e-07,12.5112,13.7634,12.3843,0.994061,0.996536,0.993845,0.0250899,-0.0320986,0,0.0407409,0.994489,0.996876,0.994279,0.999569,0.999658,0.999545,0,0,0,0,0,0,0,0,0,0,0,0
Airfoil,122,4.42004e-07,5.02625e-07,4.35925e-07,-1.04618,3.38662e-05,4.15606e-05,3.29562e-05,0.411685,0.911326,0,1,0.411685,0.911326,0,1,0.411685,0.911326,0,1,3.77746e-07,4.28627e-07,3.72622e-07,20.6648,22.4686,20.4543,0.994395,0.99648,0.99421,0.0450733,-0.0416917,0,0.0613987,0.994555,0.996723,0.994362,0.999838,0.999857,0.999756,0,0,0,0,0,0,0,0,0,0,0,0
Airfoil,123,4.42004e-07,5.02625e-07,4.35925e-07,-1.04618,3.38662e-05,4.15606e-05,3.29562e-05,0.411685,0.911326,0,1,0.411685,0.911326,0,1,0.411685,0.911326,0,1,3.77746e-07,4.28627e-07,3.72622e-07,20.6648,22.4686,20.4543,0.994395,0.99648,0.99421,0.0450733,-0.0416917,1,1.00188,0.994555,0.996723,0.994362,0.999838,0.999857,0.999756,0,0,0,0,0,0,0,0,0,0,0,0
Airfoil,124,3.75644e-07,4.52799e-07,3.68372e-07,-1.14174,6.05019e-05,7.73424e-05,5.87235e-05,0.367503,0.930022,0,1,0.367504,0.930022,0,1,0.367504,0.930022,0,1,3.21194e-07,3.86399e-07,3.15035e-07,28.6051,31.829,28.2548,0.993883,0.995757,0.993714,0.0654808,-0.0503449,0,0.0825975,0.994062,0.996055,0.993884,0.999819,0.999838,0.9997,0,0,0,0,0,0,0,0,0,0,0,0
Airfoil,125,3.75644e-07,4.52799e-07,3.68372e-07,-1.14174,6.05019e-05,7.73424e-05,5.87235e-05,0.367503,0.930022,0,1,0.367504,0.930022,0,1,0.367504,0.930022,0,1,3.21194e-07,3.86399e-07,3.15035e-07,28.6051,31.829,28.2548,0.993883,0.995757,0.993714,0.0654808,-0.0503449,1,1.00341,0.994062,0.996055,0.993884,0.999819,0.999838,0.9997,0,0,0,0,0,0,0,0,0,0,0,0
Airfoil,126,3.58783e-07,4.24085e-07,3.52841e-07,-1.2729,8.16365e-05,0.000105592,7.93137e-05,0.317398,0.948292,0,1,0.317398,0.948292,0,1,0.317398,0.948292,0,1,3.06951e-07,3.62165e-07,3.01917e-07,35.1559,39.4396,34.7284,0.993181,0.994908,0.993024,0.0862924,-0.0579796,0,0.103962,0.993513,0.995316,0.993354,0.999664,0.999679,0.99959,0,0,0,0,0,0,0,0,0,0,0,0
Airfoil,127,3.58783e-07,4.24085e-07,3.52841e-07,-1.2729,8.16365e-05,0.000105592,7.93137e-05,0.317398,0.948292,0,1,0.317398,0.948292,0,1,0.317398,0.948292,0,1,3.06951e-07,3.62165e-07,3.01917e-07,35.1559,39.4396,34.7284,0.993181,0.994908,0.993024,0.0862924,-0.0579796,1,1.00539,0.993513,0.995316,0.993354,0.999664,0.999679,0.99959,0,0,0,0,0,0,0,0,0,0,0,0
Airfoil,128,3.48863e-07,3.94943e-07,3.44837e-07,-1.37451,9.83319e-05,0.000123236,9.60541e-05,0.263236,0.964731,0,1,0.263235,0.964732,0,1,0.263235,0.964732,0,1,2.98582e-07,3.37484e-07,2.95176e-07,41.1535,45.5329,40.7426,0.992636,0.994212,0.992492,0.107506,-0.064411,0,0.125325,0.993128,0.994706,0.992989,0.999504,0.999519,0.999485,0,0,0,0,0,0,0,0,0,0,0,0
Airfoil,129,3.48863e-07,3.94943e-07,3.44837e-07,-1.37451,9.83319e-05,0.000123236,9.60541e-05,0.263236,0.964731,0,1,0.263235,0.964732,0,1,0.263235,0.964732,0,1,2.98582e-07,3.37484e-07,2.95176e-07,41.1535,45.5329,40.7426,0.992636,0.994212,0.992492,0.107506,-0.064411,1,1.00782,0.993128,0.994706,0.992989,0.999504,0.999519,0.999485,0,0,0,0,0,0,0,0,0,0,0,0
Airfoil,130,3.36736e-07,3.64664e-07,3.34427e-07,-1.4404,0.000112292,0.000132368,0.000110569,0.210166,0.977665,0,1,0.210166,0.977666,0,1,0.210166,0.977666,0,1,2.88257e-07,3.11738e-07,2.86303e-07,46.9455,50.5114,46.6337,0.992283,0.993716,0.992152,0.129043,-0.0696446,0,0.146637,0.992948,0.994305,0.992827,0.99933,0.999407,0.999318,0,0,0,0,0,0,0,0,0,0,0,0
Airfoil,131,3.36736e-07,3.64664e-07,3.34427e-07,-1.4404,0.000112292,0.000132368,0.000110569,0.210166,0.977665,0,1,0.210166,0.977666,0,1,0.210166,0.977666,0,1,2.88257e-07,3.11738e-07,2.86303e-07,46.9455,50.5114,46.6337,0.992283,0.993716,0.992152,0.129043,-0.0696446,1,1.01069,0.992948,0.994305,0.992827,0.99933,0.999407,0.999318,0,0,0,0,0,0,0,0,0,0,0,0
Airfoil,132,3.10049e-07,3.2406e-07,3.08959e-07,-1.48918,0.000120902,0.000133262,0.000119903,0.150455,0.988617,0,1,0.150455,0.988617,0,1,0.150455,0.988617,0,1,2.6545e-07,2.77116e-07,2.64533e-07,52.3207,54.5863,52.1353,0.992022,0.993337,0.991899,0.15083,-0.0737242,0,0.167884,0.992805,0.993976,0.992699,0.99921,0.999356,0.999193,0,0,0,0,0,0,0,0,0,0,0,0
Airfoil,133,3.10049e-07,3.2406e-07,3.08959e-07,-1.48918,0.000120902,0.000133262,0.000119903,0.150455,0.988617,0,1,0.150455,0.988617,0,1,0.150455,0.988617,0,1,2.6545e-07,2.77116e-07,2.64533e-07,52.3207,54.5863,52.1353,0.992022,0.993337,0.991899,0.15083,-0.0737242,1,1.01399,0.992805,0.993976,0.992699,0.99921,0.999356,0.999193,0,0,0,0,0,0,0,0,0,0,0,0
Airfoil,134,2.68958e-07,2.73869e-07,2.67804e-07,-1.49531,0.000121277,0.000125459,0.000120633,0.0893754,0.995998,0,1,0.0893754,0.995998,0,1,0.0893754,0.995998,0,1,2.30269e-07,2.34232e-07,2.29259e-07,56.3552,57.1464,56.2208,0.991989,0.993196,0.991875,0.172842,-0.0763103,0,0.188938,0.99282,0.99384,0.992726,0.999162,0.999351,0.999141,0,0,0,0,0,0,0,0,0,0,0,0
Airfoil,135,2.68958e-07,2.73869e-07,2.67804e-07,-1.49531,0.000121277,0.000125459,0.000120633,0.0893754,0.995998,0,1,0.0893754,0.995998,0,1,0.0893754,0.995998,0,1,2.30269e-07,2.34232e-07,2.29259e-07,56.3552,57.1464,56.2208,0.991989,0.993196,0.991875,0.172842,-0.0763103,1,1.01769,0.99282,0.99384,0.992726,0.999162,0.999351,0.999141,0,0,0,0,0,0,0,0,0,0,0,0
Airfoil,136,2.18697e-07,2.19201e-07,2.15387e-07,-1.44371,0.000112683,0.000113236,0.000109255,0.0301582,0.999546,0,1,0.0301582,0.999545,0,1,0.0301582,0.999545,0,1,1.87186e-07,1.8763e-07,1.8427e-07,58.4558,58.5814,57.675,0.992266,0.993352,0.992161,0.194966,-0.0776846,0,0.209873,0.993114,0.993994,0.993031,0.999144,0.999353,0.999123,0,0,0,0,0,0,0,0,0,0,0,0
Airfoil,137,2.18697e-07,2.19201e-07,2.15387e-07,-1.44371,0.000112683,0.000113236,0.000109255,0.0301582,0.999546,0,1,0.0301582,0.999545,0,1,0.0301582,0.999545,0,1,1.87186e-07,1.8763e-07,1.8427e-07,58.4558,58.5814,57.675,0.992266,0.993352,0.992161,0.194966,-0.0776846,1,1.02179,0.993114,0.993994,0.993031,0.999144,0.999353,0.999123,0,0,0,0,0,0,0,0,0,0,0,0
Airfoil,138,1.68763e-07,1.69469e-07,1.64077e-07,-1.33329,0.000101379,0.000102328,9.28437e-05,-0.0210604,0.999778,0,1,-0.0210605,0.999778,0,1,-0.0210605,0.999778,0,1,1.44366e-07,1.44979e-07,1.40303e-07,59.1971,59.4266,57.0997,0.992857,0.993807,0.992763,0.217132,-0.0776466,0,0.230598,0.993693,0.994437,0.99362,0.999158,0.999367,0.999137,0,0,0,0,0,0,0,0,0,0,0,0
Airfoil,139,1.68763e-07,1.69469e-07,1.64077e-07,-1.33329,0.000101379,0.000102328,9.28437e-05,-0.0210604,0.999778,0,1,-0.0210605,0.999778,0,1,-0.0210605,0.999778,0,1,1.44366e-07,1.44979e-07,1.40303e-07,59.1971,59.4266,57.0997,0.992857,0.993807,0.992763,0.217132,-0.0776466,1,1.02624,0.993693,0.994437,0.99362,0.999158,0.999367,0.999137,0,0,0,0,0,0,0,0,0,0,0,0
Airfoil,140,1.46939e-07,1.47524e-07,1.42714e-07,-1.17145,0.00010247,0.000103489,9.1171e-05,-0.0476135,0.998866,0,1,-0.0476135,0.998866,0,1,-0.0476135,0.998866,0,1,1.25582e-07,1.26089e-07,1.21895e-07,61.0823,61.3321,58.2874,0.993724,0.994537,0.99364,0.239282,-0.0767511,0,0.25129,0.994554,0.995177,0.994491,0.999164,0.999357,0.999144,0,0,0,0,0,0,0,0,0,0,0,0
Airfoil,141,1.46939e-07,1.47524e-07,1.42714e-07,-1.17145,0.00010247,0.000103489,9.1171e-05,-0.0476135,0.998866,0,1,-0.0476135,0.998866,0,1,-0.0476135,0.998866,0,1,1.25582e-07,1.26089e-07,1.21895e-07,61.0823,61.3321,58.2874,0.993724,0.994537,0.99364,0.239282,-0.0767511,1,1.03109,0.994554,0.995177,0.994491,0.999164,0.999357,0.999144,0,0,0,0,0,0,0,0,0,0,0,0
Airfoil,142,1.55032e-07,1.55378e-07,1.5213e-07,-1.02352,0.000115737,0.000116624,0.000104444,-0.0568537,0.998383,0,1,-0.0568537,0.998383,0,1,-0.0568537,0.998383,0,1,1.32391e-07,1.32693e-07,1.29843e-07,64.5898,64.798,61.9189,0.994517,0.99522,0.994441,0.261418,-0.0755356,0,0.272112,0.995345,0.995878,0.995289,0.999166,0.999339,0.999147,0,0,0,0,0,0,0,0,0,0,0,0
Airfoil,143,1.55032e-07,1.55378e-07,1.5213e-07,-1.02352,0.000115737,0.000116624,0.000104444,-0.0568537,0.998383,0,1,-0.0568537,0.998383,0,1,-0.0568537,0.998383,0,1,1.32391e-07,1.32693e-07,1.29843e-07,64.5898,64.798,61.9189,0.994517,0.99522,0.994441,0.261418,-0.0755356,1,1.03636,0.995345,0.995878,0.995289,0.999166,0.999339,0.999147,0,0,0,0,0,0,0,0,0,0,0,0
Airfoil,144,1.75455e-07,1.75636e-07,1.73591e-07,-0.931294,0.000127537,0.000128306,0.000117458,-0.0628293,0.998024,0,1,-0.0628293,0.998024,0,1,-0.0628293,0.998024,0,1,1.49757e-07,1.49918e-07,1.48096e-07,67.3632,67.5359,65.0822,0.995011,0.995639,0.99494,0.283548,-0.0742303,0,0.293104,0.995844,0.996318,0.995792,0.999162,0.999317,0.999144,0,0,0,0,0,0,0,0,0,0,0,0
Airfoil,145,1.75455e-07,1.75636e-07,1.73591e-07,-0.931294,0.000127537,0.000128306,0.000117458,-0.0628293,0.998024,0,1,-0.0628293,0.998024,0,1,-0.0628293,0.998024,0,1,1.49757e-07,1.49918e-07,1.48096e-07,67.3632,67.5359,65.0822,0.995011,0.995639,0.99494,0.283548,-0.0742303,1,1.04207,0.995844,0.996318,0.995792,0.999162,0.999317,0.999144,0,0,0,0,0,0,0,0,0,0,0,0
Airfoil,146,1.9358e-07,1.93703e-07,1.9212e-07,-0.881628,0.000132419,0.000133092,0.000123655,-0.0718115,0.997418,0,1,-0.0718115,0.997418,0,1,-0.0718115,0.997418,0,1,1.65187e-07,1.65297e-07,1.6387e-07,68.5825,68.7311,66.6326,0.995277,0.995848,0.995211,0.305668,-0.0727499,0,0.314206,0.996101,0.996532,0.996053,0.999171,0.999312,0.999154,0,0,0,0,0,0,0,0,0,0,0,0
Airfoil,147,1.9358e-07,1.93703e-07,1.9212e-07,-0.881628,0.000132419,0.000133092,0.000123655,-0.0718115,0.997418,0,1,-0.0718115,0.997418,0,1,-0.0718115,0.997418,0,1,1.65187e-07,1.65297e-07,1.6387e-07,68.5825,68.7311,66.6326,0.995277,0.995848,0.995211,0.305668,-0.0727499,1,1.0482,0.996101,0.996532,0.996053,0.999171,0.999312,0.999154,0,0,0,0,0,0,0,0,0,0,0,0
Airfoil,148,2.04881e-07,2.05002e-07,2.03539e-07,-0.841431,0.000132702,0.00013329,0.000125088,-0.0807121,0.996738,0,1,-0.0807121,0.996737,0,1,-0.0807121,0.996737,0,1,1.74798e-07,1.74893e-07,1.73587e-07,68.6357,68.7655,66.9461,0.995492,0.996009,0.995431,0.327771,-0.0710463,0,0.335383,0.996281,0.996668,0.996236,0.999207,0.999338,0.999191,0,0,0,0,0,0,0,0,0,0,0,0
Airfoil,149,2.04881e-07,2.05002e-07,2.03539e-07,-0.841431,0.000132702,0.00013329,0.000125088,-0.0807121,0.996738,0,1,-0.0807121,0.996737,0,1,-0.0807121,0.996737,0,1,1.74798e-07,1.74893e-07,1.73587e-07,68.6357,68.7655,66.9461,0.995492,0.996009,0.995431,0.327771,-0.0710463,1,1.05474,0.996281,0.996668,0.996236,0.999207,0.999338,0.999191,0,0,0,0,0,0,0,0,0,0,0,0
Airfoil,150,2.11201e-07,2.11384e-07,2.09856e-07,-0.800644,0.00013068,0.000131191,0.000124024,-0.087194,0.996191,0,1,-0.087194,0.996191,0,1,-0.087194,0.996191,0,1,1.8016e-07,1.80307e-07,1.78951e-07,67.9346,68.0478,66.4532,0.995711,0.996178,0.995653,0.349861,-0.0691713,0,0.356634,0.996454,0.996798,0.996411,0.999253,0.999377,0.999238,0,0,0,0,0,0,0,0,0,0,0,0
Airfoil,151,2.11201e-07,2.11384e-07,2.09856e-07,-0.800644,0.00013068,0.000131191,0.000124024,-0.087194,0.996191,0,1,-0.087194,0.996191,0,1,-0.087194,0.996191,0,1,1.8016e-07,1.80307e-07,1.78951e-07,67.9346,68.0478,66.4532,0.995711,0.996178,0.995653,0.349861,-0.0691713,1,1.06169,0.996454,0.996798,0.996411,0.999253,0.999377,0.999238,0,0,0,0,0,0,0,0,0,0,0,0
Airfoil,152,2.1527e-07,2.15504e-07,2.13854e-07,-0.766265,0.000127828,0.000128269,0.00012197,-0.092866,0.995678,0,1,-0.092866,0.995679,0,1,-0.092866,0.995679,0,1,1.83604e-07,1.83796e-07,1.8234e-07,66.9112,67.0093,65.6016,0.995895,0.996319,0.99584,0.371941,-0.0671803,0,0.377959,0.996595,0.996903,0.996555,0.999297,0.999414,0.999282,0,0,0,0,0,0,0,0,0,0,0,0
Airfoil,153,2.1527e-07,2.15504e-07,2.13854e-07,-0.766265,0.000127828,0.000128269,0.00012197,-0.092866,0.995678,0,1,-0.092866,0.995679,0,1,-0.092866,0.995679,0,1,1.83604e-07,1.83796e-07,1.8234e-07,66.9112,67.0093,65.6016,0.995895,0.996319,0.99584,0.371941,-0.0671803,1,1.06904,0.996595,0.996903,0.996555,0.999297,0.999414,0.999282,0,0,0,0,0,0,0,0,0,0,0,0
Airfoil,154,2.18195e-07,2.1847e-07,2.16664e-07,-0.740242,0.00012492,0.000125304,0.000119682,-0.0993496,0.995052,0,1,-0.0993496,0.995053,0,1,-0.0993496,0.995053,0,1,1.86081e-07,1.86308e-07,1.84724e-07,65.8144,65.9002,64.6385,0.996034,0.996423,0.995981,0.394008,-0.0650538,0,0.399342,0.996694,0.996972,0.996656,0.999337,0.999449,0.999322,0,0,0,0,0,0,0,0,0,0,0,0
Airfoil,155,2.18195e-07,2.1847e-07,2.16664e-07,-0.740242,0.00012492,0.000125304,0.000119682,-0.0993496,0.995052,0,1,-0.0993496,0.995053,0,1,-0.0993496,0.995053,0,1,1.86081e-07,1.86308e-07,1.84724e-07,65.8144,65.9002,64.6385,0.996034,0.996423,0.995981,0.394008,-0.0650538,1,1.07679,0.996694,0.996972,0.996656,0.999337,0.999449,0.999322,0,0,0,0,0,0,0,0,0,0,0,0
Airfoil,156,2.20187e-07,2.20455e-07,2.18477e-07,-0.717857,0.000122166,0.000122516,0.000117329,-0.106549,0.994307,0,1,-0.106549,0.994307,0,1,-0.106549,0.994307,0,1,1.87764e-07,1.87986e-07,1.8626e-07,64.676,64.7545,63.5871,0.996154,0.996511,0.996103,0.41606,-0.0627753,0,0.420769,0.996774,0.997025,0.996738,0.999377,0.999483,0.999362,0,0,0,0,0,0,0,0,0,0,0,0
Airfoil,157,2.20187e-07,2.20455e-07,2.18477e-07,-0.717857,0.000122166,0.000122516,0.000117329,-0.106549,0.994307,0,1,-0.106549,0.994307,0,1,-0.106549,0.994307,0,1,1.87764e-07,1.87986e-07,1.8626e-07,64.676,64.7545,63.5871,0.996154,0.996511,0.996103,0.41606,-0.0627753,1,1.08492,0.996774,0.997025,0.996738,0.999377,0.999483,0.999362,0,0,0,0,0,0,0,0,0,0,0,0
Airfoil,158,2.21249e-07,2.2147e-07,2.19329e-07,-0.695717,0.000119378,0.00011971,0.000114798,-0.114294,0.993447,0,1,-0.114294,0.993447,0,1,-0.114294,0.993447,0,1,1.88655e-07,1.88838e-07,1.86976e-07,63.4429,63.5176,62.4094,0.996273,0.996599,0.996224,0.438093,-0.0603296,0,0.442228,0.996852,0.997078,0.996817,0.999418,0.999519,0.999404,0,0,0,0,0,0,0,0,0,0,0,0
Airfoil,159,2.21249e-07,2.2147e-07,2.19329e-07,-0.695717,0.000119378,0.00011971,0.000114798,-0.114294,0.993447,0,1,-0.114294,0.993447,0,1,-0.114294,0.993447,0,1,1.88655e-07,1.88838e-07,1.86976e-07,63.4429,63.5176,62.4094,0.996273,0.996599,0.996224,0.438093,-0.0603296,1,1.09342,0.996852,0.997078,0.996817,0.999418,0.999519,0.999404,0,0,0,0,0,0,0,0,0,0,0,0
Airfoil,160,2.21568e-07,2.2174e-07,2.19438e-07,-0.672642,0.000116395,0.000116714,0.00011201,-0.122083,0.99252,0,1,-0.122083,0.99252,0,1,-0.122083,0.99252,0,1,1.88912e-07,1.89053e-07,1.87058e-07,62.0672,62.1388,61.0759,0.996396,0.996695,0.996349,0.460107,-0.0577078,0,0.463712,0.996934,0.997138,0.9969,0.99946,0.999555,0.999446,0,0,0,0,0,0,0,0,0,0,0,0
Airfoil,161,2.21568e-07,2.2174e-07,2.19438e-07,-0.672642,0.000116395,0.000116714,0.00011201,-0.122083,0.99252,0,1,-0.122083,0.99252,0,1,-0.122083,0.99252,0,1,1.88912e-07,1.89053e-07,1.87058e-07,62.0672,62.1388,61.0759,0.996396,0.996695,0.996349,0.460107,-0.0577078,1,1.10228,0.996934,0.997138,0.9969,0.99946,0.999555,0.999446,0,0,0,0,0,0,0,0,0,0,0,0
Airfoil,162,2.21657e-07,2.21822e-07,2.19361e-07,-0.648744,0.000113301,0.000113606,0.000109085,-0.129209,0.991617,0,1,-0.129209,0.991617,0,1,-0.129209,0.991617,0,1,1.88972e-07,1.89116e-07,1.86979e-07,60.5643,60.633,59.6102,0.996524,0.996797,0.996479,0.4821,-0.0549167,0,0.485218,0.997021,0.997207,0.996989,0.999501,0.999589,0.999487,0,0,0,0,0,0,0,0,0,0,0,0
Airfoil,163,2.21657e-07,2.21822e-07,2.19361e-07,-0.648744,0.000113301,0.000113606,0.000109085,-0.129209,0.991617,0,1,-0.129209,0.991617,0,1,-0.129209,0.991617,0,1,1.88972e-07,1.89116e-07,1.86979e-07,60.5643,60.633,59.6102,0.996524,0.996797,0.996479,0.4821,-0.0549167,1,1.1115,0.997021,0.997207,0.996989,0.999501,0.999589,0.999487,0,0,0,0,0,0,0,0,0,0,0,0
Airfoil,164,2.22157e-07,2.22341e-07,2.19761e-07,-0.625824,0.00011035,0.000110646,0.000106294,-0.135678,0.990753,0,1,-0.135678,0.990753,0,1,-0.135678,0.990753,0,1,1.89381e-07,1.89542e-07,1.87307e-07,59.0125,59.0791,58.0951,0.996647,0.996897,0.996603,0.504073,-0.0519789,0,0.506746,0.997107,0.997273,0.997076,0.999538,0.999622,0.999524,0,0,0,0,0,0,0,0,0,0,0,0
Airfoil,165,2.22157e-07,2.22341e-07,2.19761e-07,-0.625824,0.00011035,0.000110646,0.000106294,-0.135678,0.990753,0,1,-0.135678,0.990753,0,1,-0.135678,0.990753,0,1,1.89381e-07,1.89542e-07,1.87307e-07,59.0125,59.0791,58.0951,0.996647,0.996897,0.996603,0.504073,-0.0519789,1,1.12107,0.997107,0.997273,0.997076,0.999538,0.999622,0.999524,0,0,0,0,0,0,0,0,0,0,0,0
Airfoil,166,2.23239e-07,2.23441e-07,2.20782e-07,-0.605275,0.00010768,0.000107967,0.000103781,-0.142521,0.989792,0,1,-0.142521,0.989792,0,1,-0.142521,0.989792,0,1,1.90289e-07,1.90465e-07,1.88167e-07,57.4731,57.5375,56.5929,0.996757,0.996985,0.996714,0.526028,-0.048901,0,0.528296,0.997184,0.997329,0.997154,0.999572,0.999654,0.999558,0,0,0,0,0,0,0,0,0,0,0,0
Airfoil,167,2.23239e-07,2.23441e-07,2.20782e-07,-0.605275,0.00010768,0.000107967,0.000103781,-0.142521,0.989792,0,1,-0.142521,0.989792,0,1,-0.142521,0.989792,0,1,1.90289e-07,1.90465e-07,1.88167e-07,57.4731,57.5375,56.5929,0.996757,0.996985,0.996714,0.526028,-0.048901,1,1.13097,0.997184,0.997329,0.997154,0.999572,0.999654,0.999558,0,0,0,0,0,0,0,0,0,0,0,0
Airfoil,168,2.2432e-07,2.24539e-07,2.21846e-07,-0.585583,0.00010509,0.000105367,0.000101356,-0.150451,0.988617,0,1,-0.150451,0.988618,0,1,-0.150451,0.988618,0,1,1.91197e-07,1.91387e-07,1.89064e-07,55.9092,55.9713,55.0689,0.996863,0.99707,0.996821,0.547959,-0.0456598,0,0.549858,0.997254,0.997382,0.997226,0.999607,0.999686,0.999593,0,0,0,0,0,0,0,0,0,0,0,0
Airfoil,169,2.2432e-07,2.24539e-07,2.21846e-07,-0.585583,0.00010509,0.000105367,0.000101356,-0.150451,0.988617,0,1,-0.150451,0.988618,0,1,-0.150451,0.988618,0,1,1.91197e-07,1.91387e-07,1.89064e-07,55.9092,55.9713,55.0689,0.996863,0.99707,0.996821,0.547959,-0.0456598,1,1.1412,0.997254,0.997382,0.997226,0.999607,0.999686,0.999593,0,0,0,0,0,0,0,0,0,0,0,0
Airfoil,170,2.24783e-07,2.25017e-07,2.22353e-07,-0.563298,0.000102265,0.000102531,9.87129e-05,-0.158463,0.987365,0,1,-0.158463,0.987365,0,1,-0.158463,0.987365,0,1,1.91577e-07,1.9178e-07,1.89484e-07,54.2421,54.3014,53.445,0.996982,0.99717,0.996942,0.569861,-0.0422303,0,0.571424,0.997334,0.997447,0.997307,0.999646,0.999722,0.999633,0,0,0,0,0,0,0,0,0,0,0,0
Airfoil,171,2.24783e-07,2.25017e-07,2.22353e-07,-0.563298,0.000102265,0.000102531,9.87129e-05,-0.158463,0.987365,0,1,-0.158463,0.987365,0,1,-0.158463,0.987365,0,1,1.91577e-07,1.9178e-07,1.89484e-07,54.2421,54.3014,53.445,0.996982,0.99717,0.996942,0.569861,-0.0422303,1,1.15175,0.997334,0.997447,0.997307,0.999646,0.999722,0.999633,0,0,0,0,0,0,0,0,0,0,0,0
Airfoil,172,2.25097e-07,2.25346e-07,2.22759e-07,-0.538187,9.92848e-05,9.95385e-05,9.5915e-05,-0.16488,0.986313,0,1,-0.16488,0.986314,0,1,-0.16488,0.986314,0,1,1.91825e-07,1.92041e-07,1.89814e-07,52.4969,52.5535,51.7431,0.997117,0.997286,0.997078,0.591737,-0.0386338,0,0.592997,0.99743,0.997529,0.997404,0.999685,0.999756,0.999672,0,0,0,0,0,0,0,0,0,0,0,0
Airfoil,173,2.25097e-07,2.25346e-07,2.22759e-07,-0.538187,9.92848e-05,9.95385e-05,9.5915e-05,-0.16488,0.986313,0,1,-0.16488,0.986314,0,1,-0.16488,0.986314,0,1,1.91825e-07,1.92041e-07,1.89814e-07,52.4969,52.5535,51.7431,0.997117,0.997286,0.997078,0.591737,-0.0386338,1,1.1626,0.99743,0.997529,0.997404,0.999685,0.999756,0.999672,0,0,0,0,0,0,0,0,0,0,0,0
Airfoil,174,2.2629e-07,2.26553e-07,2.24063e-07,-0.514556,9.65356e-05,9.67785e-05,9.33335e-05,-0.17036,0.985382,0,1,-0.17036,0.985382,0,1,-0.17036,0.985382,0,1,1.92824e-07,1.93051e-07,1.9091e-07,50.7873,50.8413,50.0741,0.997243,0.997396,0.997205,0.613593,-0.0349198,0,0.614586,0.997524,0.99761,0.997498,0.999718,0.999784,0.999705,0,0,0,0,0,0,0,0,0,0,0,0
Airfoil,175,2.2629e-07,2.26553e-07,2.24063e-07,-0.514556,9.65356e-05,9.67785e-05,9.33335e-05,-0.17036,0.985382,0,1,-0.17036,0.985382,0,1,-0.17036,0.985382,0,1,1.92824e-07,1.93051e-07,1.9091e-07,50.7873,50.8413,50.0741,0.997243,0.997396,0.997205,0.613593,-0.0349198,1,1.17376,0.997524,0.99761,0.997498,0.999718,0.999784,0.999705,0,0,0,0,0,0,0,0,0,0,0,0
Airfoil,176,2.28341e-07,2.28618e-07,2.26241e-07,-0.494362,9.4119e-05,9.43509e-05,9.10794e-05,-0.176853,0.984238,0,1,-0.176853,0.984237,0,1,-0.176853,0.984237,0,1,1.94556e-07,1.94796e-07,1.92752e-07,49.1469,49.1981,48.474,0.997352,0.997489,0.997315,0.635427,-0.0310804,0,0.636187,0.997602,0.997678,0.997577,0.999749,0.99981,0.999736,0,0,0,0,0,0,0,0,0,0,0,0
Airfoil,177,2.28341e-07,2.28618e-07,2.26241e-07,-0.494362,9.4119e-05,9.43509e-05,9.10794e-05,-0.176853,0.984238,0,1,-0.176853,0.984237,0,1,-0.176853,0.984237,0,1,1.94556e-07,1.94796e-07,1.92752e-07,49.1469,49.1981,48.474,0.997352,0.997489,0.997315,0.635427,-0.0310804,1,1.18521,0.997602,0.997678,0.997577,0.999749,0.99981,0.999736,0,0,0,0,0,0,0,0,0,0,0,0
Airfoil,178,2.30228e-07,2.30518e-07,2.28297e-07,-0.47398,9.17357e-05,9.19636e-05,8.88728e-05,-0.184408,0.98285,0,1,-0.184408,0.98285,0,1,-0.184408,0.98285,0,1,1.9615e-07,1.964e-07,1.94491e-07,47.5044,47.5545,46.875,0.997461,0.997584,0.997425,0.657232,-0.0270785,0,0.657789,0.997677,0.997743,0.99765,0.999783,0.99984,0.99977,0,0,0,0,0,0,0,0,0,0,0,0
Airfoil,179,2.30228e-07,2.30518e-07,2.28297e-07,-0.47398,9.17357e-05,9.19636e-05,8.88728e-05,-0.184408,0.98285,0,1,-0.184408,0.98285,0,1,-0.184408,0.98285,0,1,1.9615e-07,1.964e-07,1.94491e-07,47.5044,47.5545,46.875,0.997461,0.997584,0.997425,0.657232,-0.0270785,1,1.19695,0.997677,0.997743,0.99765,0.999783,0.99984,0.99977,0,0,0,0,0,0,0,0,0,0,0,0
Airfoil,180,2.31434e-07,2.31732e-07,2.2973e-07,-0.450493,8.91453e-05,8.937e-05,8.64767e-05,-0.191583,0.981476,0,1,-0.191583,0.981476,0,1,-0.191583,0.981476,0,1,1.97159e-07,1.97416e-07,1.95697e-07,45.8144,45.8634,45.2314,0.997587,0.997695,0.997552,0.679004,-0.0229041,0,0.679391,0.997765,0.99782,0.997734,0.99982,0.999874,0.999808,0,0,0,0,0,0,0,0,0,0,0,0
Airfoil,181,2.31434e-07,2.31732e-07,2.2973e-07,-0.450493,8.91453e-05,8.937e-05,8.64767e-05,-0.191583,0.981476,0,1,-0.191583,0.981476,0,1,-0.191583,0.981476,0,1,1.97159e-07,1.97416e-07,1.95697e-07,45.8144,45.8634,45.2314,0.997587,0.997695,0.997552,0.679004,-0.0229041,1,1.20895,0.997765,0.99782,0.997734,0.99982,0.999874,0.999808,0,0,0,0,0,0,0,0,0,0,0,0
Airfoil,182,2.32499e-07,2.32802e-07,2.31079e-07,-0.42555,8.64503e-05,8.667e-05,8.39842e-05,-0.197884,0.980225,0,1,-0.197884,0.980225,0,1,-0.197884,0.980225,0,1,1.98047e-07,1.98309e-07,1.96829e-07,44.1137,44.1613,43.5781,0.99772,0.997815,0.997681,0.700749,-0.018584,0,0.700995,0.997863,0.997908,0.997827,0.999856,0.999906,0.999844,0,0,0,0,0,0,0,0,0,0,0,0
Airfoil,183,2.32499e-07,2.32802e-07,2.31079e-07,-0.42555,8.64503e-05,8.667e-05,8.39842e-05,-0.197884,0.980225,0,1,-0.197884,0.980225,0,1,-0.197884,0.980225,0,1,1.98047e-07,1.98309e-07,1.96829e-07,44.1137,44.1613,43.5781,0.99772,0.997815,0.997681,0.700749,-0.018584,1,1.22123,0.997863,0.997908,0.997827,0.999856,0.999906,0.999844,0,0,0,0,0,0,0,0,0,0,0,0
Airfoil,184,2.33849e-07,2.34155e-07,2.32764e-07,-0.401496,8.37939e-05,8.40073e-05,8.15382e-05,-0.204506,0.978865,0,1,-0.204506,0.978866,0,1,-0.204506,0.978866,0,1,1.99179e-07,1.99442e-07,1.98248e-07,42.4341,42.4801,41.9474,0.997849,0.997932,0.997804,0.722466,-0.0141303,0,0.722604,0.997957,0.997992,0.997917,0.99989,0.999938,0.999878,0,0,0,0,0,0,0,0,0,0,0,0
Airfoil,185,2.33849e-07,2.34155e-07,2.32764e-07,-0.401496,8.37939e-05,8.40073e-05,8.15382e-05,-0.204506,0.978865,0,1,-0.204506,0.978866,0,1,-0.204506,0.978866,0,1,1.99179e-07,1.99442e-07,1.98248e-07,42.4341,42.4801,41.9474,0.997849,0.997932,0.997804,0.722466,-0.0141303,1,1.23376,0.997957,0.997992,0.997917,0.99989,0.999938,0.999878,0,0,0,0,0,0,0,0,0,0,0,0
Airfoil,186,2.34908e-07,2.35478e-07,2.34262e-07,-0.377464,8.10781e-05,8.1284e-05,7.90546e-05,-0.211984,0.977273,0,1,-0.211984,0.977273,0,1,-0.211984,0.977273,0,1,2.00062e-07,2.00545e-07,1.99507e-07,40.7515,40.7956,40.3178,0.997978,0.998049,0.997926,0.74415,-0.00951665,0,0.744211,0.99805,0.998083,0.998005,0.999927,0.999973,0.999915,0,0,0,0,0,0,0,0,0,0,0,0
Airfoil,187,2.34908e-07,2.35478e-07,2.34262e-07,-0.377464,8.10781e-05,8.1284e-05,7.90546e-05,-0.211984,0.977273,0,1,-0.211984,0.977273,0,1,-0.211984,0.977273,0,1,2.00062e-07,2.00545e-07,1.99507e-07,40.7515,40.7956,40.3178,0.997978,0.998049,0.997926,0.74415,-0.00951665,1,1.24653,0.99805,0.998083,0.998005,0.999927,0.999973,0.999915,0,0,0,0,0,0,0,0,0,0,0,0
Airfoil,188,2.34902e-07,2.35881e-07,2.34727e-07,-0.35104,7.81282e-05,7.83246e-05,7.63837e-05,-0.219327,0.975651,0,1,-0.219327,0.975651,0,1,-0.219327,0.975651,0,1,2.00036e-07,2.0087e-07,1.9989e-07,39.0396,39.0814,38.6679,0.998119,0.998179,0.998062,0.765796,-0.00473135,0,0.765811,0.998151,0.998185,0.998102,0.999967,1.00001,0.999955,0,0,0,0,0,0,0,0,0,0,0,0
Airfoil,189,2.34902e-07,2.35881e-07,2.34727e-07,-0.35104,7.81282e-05,7.83246e-05,7.63837e-05,-0.219327,0.975651,0,1,-0.219327,0.975651,0,1,-0.219327,0.975651,0,1,2.00036e-07,2.0087e-07,1.9989e-07,39.0396,39.0814,38.6679,0.998119,0.998179,0.998062,0.765796,-0.00473135,1,1.25955,0.998151,0.998185,0.998102,0.999967,1.00001,0.999955,0,0,0,0,0,0,0,0,0,0,0,0
Airfoil,190,2.33941e-07,2.3543e-07,2.33682e-07,-0.322447,7.49464e-05,7.51305e-05,7.3533e-05,-0.225686,0.9742,0,1,-0.225686,0.9742,0,1,-0.225686,0.9742,0,1,1.99196e-07,2.00464e-07,1.98978e-07,37.3151,37.3542,37.0154,0.998273,0.998321,0.998208,0.787408,0.000207888,0,0.787408,0.998264,0.998297,0.99821,1.00001,1.00005,0.999996,0,0,0,0,0,0,0,0,0,0,0,0
Airfoil,191,2.33941e-07,2.3543e-07,2.33682e-07,-0.322447,7.49464e-05,7.51305e-05,7.3533e-05,-0.225686,0.9742,0,1,-0.225686,0.9742,0,1,-0.225686,0.9742,0,1,1.99196e-07,2.00464e-07,1.98978e-07,37.3151,37.3542,37.0154,0.998273,0.998321,0.998208,0.787408,0.000207888,1,1.2728,0.998264,0.998297,0.99821,1.00001,1.00005,0.999996,0,0,0,0,0,0,0,0,0,0,0,0
Airfoil,192,2.32894e-07,2.34967e-07,2.32543e-07,-0.293531,7.17614e-05,7.19312e-05,7.06925e-05,-0.231072,0.972937,0,1,-0.231073,0.972937,0,1,-0.231073,0.972937,0,1,1.98281e-07,2.00048e-07,1.97985e-07,35.6348,35.6708,35.4093,0.998427,0.998475,0.998357,0.808991,0.00527518,0,0.809008,0.99838,0.998413,0.998321,1.00005,1.00008,1.00003,0,0,0,0,0,0,0,0,0,0,0,0
Airfoil,193,2.32894e-07,2.34967e-07,2.32543e-07,-0.293531,7.17614e-05,7.19312e-05,7.06925e-05,-0.231072,0.972937,0,1,-0.231073,0.972937,0,1,-0.231073,0.972937,0,1,1.98281e-07,2.00048e-07,1.97985e-07,35.6348,35.6708,35.4093,0.998427,0.998475,0.998357,0.808991,0.00527518,1,1.28627,0.99838,0.998413,0.998321,1.00005,1.00008,1.00003,0,0,0,0,0,0,0,0,0,0,0,0
Airfoil,194,2.31964e-07,2.3497e-07,2.31508e-07,-0.265706,6.87054e-05,6.88598e-05,6.79895e-05,-0.236804,0.971557,0,1,-0.236804,0.971557,0,1,-0.236804,0.971557,0,1,1.97467e-07,2.00026e-07,1.97081e-07,34.0148,34.0474,33.865,0.998577,0.998625,0.9985,0.830547,0.0104532,0,0.830612,0.998492,0.998525,0.998429,1.00008,1.00011,1.00007,0,0,0,0,0,0,0,0,0,0,0,0
Airfoil,195,2.31964e-07,2.3497e-07,2.31508e-07,-0.265706,6.87054e-05,6.88598e-05,6.79895e-05,-0.236804,0.971557,0,1,-0.236804,0.971557,0,1,-0.236804,0.971557,0,1,1.97467e-07,2.00026e-07,1.97081e-07,34.0148,34.0474,33.865,0.998577,0.998625,0.9985,0.830547,0.0104532,1,1.29997,0.998492,0.998525,0.998429,1.00008,1.00011,1.00007,0,0,0,0,0,0,0,0,0,0,0,0
Airfoil,196,2.29686e-07,2.34166e-07,2.29101e-07,-0.23798,6.54963e-05,6.56644e-05,6.5187e-05,-0.243977,0.969781,0,1,-0.243977,0.969781,0,1,-0.243977,0.969781,0,1,1.95507e-07,1.99321e-07,1.95011e-07,32.38,32.4151,32.3169,0.998725,0.998773,0.998642,0.852068,0.0157747,0,0.852214,0.9986,0.998633,0.998533,1.00012,1.00015,1.00011,0,0,0,0,0,0,0,0,0,0,0,0
Airfoil,197,2.29686e-07,2.34166e-07,2.29101e-07,-0.23798,6.54963e-05,6.56644e-05,6.5187e-05,-0.243977,0.969781,0,1,-0.243977,0.969781,0,1,-0.243977,0.969781,0,1,1.95507e-07,1.99321e-07,1.95011e-07,32.38,32.4151,32.3169,0.998725,0.998773,0.998642,0.852068,0.0157747,1,1.31388,0.9986,0.998633,0.998533,1.00012,1.00015,1.00011,0,0,0,0,0,0,0,0,0,0,0,0
Airfoil,198,2.25143e-07,2.31396e-07,2.24407e-07,-0.207718,6.19157e-05,6.22927e-05,6.18389e-05,-0.250889,0.968016,0,1,-0.250889,0.968016,0,1,-0.250889,0.968016,0,1,1.91617e-07,1.96941e-07,1.90993e-07,30.7037,30.7832,30.6874,0.998887,0.998935,0.998797,0.873545,0.0212707,0,0.873804,0.99872,0.998753,0.998648,1.00017,1.00019,1.00015,0,0,0,0,0,0,0,0,0,0,0,0
Airfoil,199,2.25143e-07,2.31396e-07,2.24407e-07,-0.207718,6.19157e-05,6.22927e-05,6.18389e-05,-0.250889,0.968016,0,1,-0.250889,0.968016,0,1,-0.250889,0.968016,0,1,1.91617e-07,1.96941e-07,1.90993e-07,30.7037,30.7832,30.6874,0.998887,0.998935,0.998797,0.873545,0.0212707,1,1.32798,0.99872,0.998753,0.998648,1.00017,1.00019,1.00015,0,0,0,0,0,0,0,0,0,0,0,0
Airfoil,200,2.18823e-07,2.27262e-07,2.17901e-07,-0.175531,5.80766e-05,5.87277e-05,5.7962e-05,-0.25657,0.966526,0,1,-0.25657,0.966526,0,1,-0.25657,0.966526,0,1,1.86214e-07,1.93398e-07,1.85431e-07,29.024,29.1653,28.9995,0.99906,0.999108,0.998963,0.894988,0.0268986,0,0.895392,0.998846,0.998879,0.99877,1.00021,1.00023,1.00019,0,0,0,0,0,0,0,0,0,0,0,0
Airfoil,201,2.18823e-07,2.27262e-07,2.17901e-07,-0.175531,5.80766e-05,5.87277e-05,5.7962e-05,-0.25657,0.966526,0,1,-0.25657,0.966526,0,1,-0.25657,0.966526,0,1,1.86214e-07,1.93398e-07,1.85431e-07,29.024,29.1653,28.9995,0.99906,0.999108,0.998963,0.894988,0.0268986,1,1.34228,0.998846,0.998879,0.99877,1.00021,1.00023,1.00019,0,0,0,0,0,0,0,0,0,0,0,0
Airfoil,202,2.12367e-07,2.23234e-07,2.1124e-07,-0.1433,5.42971e-05,5.54678e-05,5.41435e-05,-0.26382,0.964572,0,1,-0.26382,0.964572,0,1,-0.26382,0.964572,0,1,1.80695e-07,1.89945e-07,1.79738e-07,27.3732,27.6263,27.3402,0.999232,0.99928,0.99913,0.916399,0.0326466,0,0.91698,0.998987,0.999021,0.998907,1.00024,1.00027,1.00022,0,0,0,0,0,0,0,0,0,0,0,0
Airfoil,203,2.12367e-07,2.23234e-07,2.1124e-07,-0.1433,5.42971e-05,5.54678e-05,5.41435e-05,-0.26382,0.964572,0,1,-0.26382,0.964572,0,1,-0.26382,0.964572,0,1,1.80695e-07,1.89945e-07,1.79738e-07,27.3732,27.6263,27.3402,0.999232,0.99928,0.99913,0.916399,0.0326466,1,1.35678,0.998987,0.999021,0.998907,1.00024,1.00027,1.00022,0,0,0,0,0,0,0,0,0,0,0,0
Airfoil,204,1.98383e-07,2.12752e-07,1.96961e-07,-0.111992,4.95295e-05,5.12736e-05,4.93338e-05,-0.271087,0.962555,0,1,-0.271087,0.962555,0,1,-0.271087,0.962555,0,1,1.6878e-07,1.81008e-07,1.67571e-07,25.5385,25.9206,25.4957,0.9994,0.999448,0.999292,0.937755,0.0385959,0,0.938549,0.999086,0.999119,0.999001,1.00031,1.00034,1.00029,0,0,0,0,0,0,0,0,0,0,0,0
Airfoil,205,1.98383e-07,2.12752e-07,1.96961e-07,-0.111992,4.95295e-05,5.12736e-05,4.93338e-05,-0.271087,0.962555,0,1,-0.271087,0.962555,0,1,-0.271087,0.962555,0,1,1.6878e-07,1.81008e-07,1.67571e-07,25.5385,25.9206,25.4957,0.9994,0.999448,0.999292,0.937755,0.0385959,1,1.37145,0.999086,0.999119,0.999001,1.00031,1.00034,1.00029,0,0,0,0,0,0,0,0,0,0,0,0
Airfoil,206,2.0281e-07,2.20896e-07,2.01067e-07,-0.0731408,4.77555e-05,5.01831e-05,4.75054e-05,-0.275601,0.961272,0,1,-0.275601,0.961272,0,1,-0.275601,0.961272,0,1,1.72505e-07,1.87892e-07,1.71024e-07,24.42,24.9435,24.366,0.999608,0.999656,0.999493,0.959077,0.0446661,0,0.960116,0.999308,0.999341,0.999218,1.0003,1.00032,1.00027,0,0,0,0,0,0,0,0,0,0,0,0
Airfoil,207,2.0281e-07,2.20896e-07,2.01067e-07,-0.0731408,4.77555e-05,5.01831e-05,4.75054e-05,-0.275601,0.961272,0,1,-0.275601,0.961272,0,1,-0.275601,0.961272,0,1,1.72505e-07,1.87892e-07,1.71024e-07,24.42,24.9435,24.366,0.999608,0.999656,0.999493,0.959077,0.0446661,1,1.3863,0.999308,0.999341,0.999218,1.0003,1.00032,1.00027,0,0,0,0,0,0,0,0,0,0,0,0
Airfoil,208,1.56855e-07,1.79844e-07,1.54712e-07,-0.0646741,3.8958e-05,4.23981e-05,3.86346e-05,-0.359465,0.933159,0,1,-0.359464,0.933159,0,1,-0.359464,0.933159,0,1,1.33411e-07,1.5297e-07,1.31589e-07,21.0134,21.8003,20.9392,0.999654,0.999701,0.999535,0.980374,0.050815,0,0.98169,0.999267,0.9993,0.999173,1.00039,1.00042,1.00036,0,0,0,0,0,0,0,0,0,0,0,0
Airfoil,209,1.56855e-07,1.79844e-07,1.54712e-07,-0.0646741,3.8958e-05,4.23981e-05,3.86346e-05,-0.359465,0.933159,0,1,-0.359464,0.933159,0,1,-0.359464,0.933159,0,1,1.33411e-07,1.5297e-07,1.31589e-07,21.0134,21.8003,20.9392,0.999654,0.999701,0.999535,0.980374,0.050815,1,1.40133,0.999267,0.9993,0.999173,1.00039,1.00042,1.00036,0,0,0,0,0,0,0,0,0,0,0,0
Airfoil,210,1.62779e-07,1.74565e-07,1.61771e-07,0.0310854,4.36871e-05,4.57104e-05,4.34957e-05,-0.438847,0.898562,0,1,-0.438846,0.898562,0,1,-0.438846,0.898562,0,1,1.38392e-07,1.48419e-07,1.37535e-07,24.647,25.1299,24.6015,1.00017,1.00023,1.00005,1,0.0604,0,1.00182,0.999561,0.999595,0.999474,1.0006,1.00066,1.00057,0,0,0,0,0,0,0,0,0,0,0,0
Airfoil,211,1.62779e-07,1.74565e-07,1.61771e-07,0.0310854,4.36871e-05,4.57104e-05,4.34957e-05,-0.438847,0.898562,0,1,-0.438846,0.898562,0,1,-0.438846,0.898562,0,1,1.38392e-07,1.48419e-07,1.37535e-07,24.647,25.1299,24.6015,1.00017,1.00023,1.00005,1,0.0604,1,1.4155,0.999561,0.999595,0.999474,1.0006,1.00066,1.00057,0,0,0,0,0,0,0,0,0,0,0,0
